{"stats":{"minecraft:killed_by":{"minecraft:skeleton":1},"minecraft:picked_up":{"minecraft:crafting_table":2,"minecraft:leather":9,"minecraft:acacia_wood":6,"minecraft:dirt":2,"minecraft:lapis_lazuli":1,"minecraft:string":9,"botania:light_blue_mystical_flower":3,"botania:black_mystical_flower":5,"minecraft:bone":5,"minecraft:blue_orchid":1,"botania:cyan_mystical_flower":6,"minecraft:stone_pickaxe":1,"minecraft:beef":11,"minecraft:white_tulip":3,"minecraft:iron_pickaxe":2,"minecraft:lectern":1,"minecraft:coal_block":3,"botania:gray_mystical_flower":2,"minecraft:book":60,"botania:lime_double_flower":1,"tombstone:grave_dust":3,"minecraft:arrow":3,"minecraft:rotten_flesh":2,"botania:orange_double_flower":2,"minecraft:slime_ball":1,"botania:lime_mystical_flower":2,"botania:light_gray_mystical_flower":3,"botania:orange_mystical_flower":7,"minecraft:iron_block":1,"minecraft:emerald":2,"minecraft:oak_sapling":1,"minecraft:cobblestone":11},"minecraft:custom":{"minecraft:interact_with_furnace":2,"minecraft:mob_kills":12,"minecraft:interact_with_crafting_table":5,"minecraft:open_barrel":2,"minecraft:leave_game":2,"minecraft:time_since_death":22422,"minecraft:sleep_in_bed":1,"minecraft:climb_one_cm":1991,"minecraft:time_since_rest":15327,"minecraft:sprint_one_cm":102412,"minecraft:damage_taken":330,"minecraft:walk_one_cm":52081,"minecraft:drop":19,"minecraft:damage_dealt":1946,"minecraft:swim_one_cm":5703,"minecraft:talked_to_villager":3,"minecraft:fly_one_cm":77588,"minecraft:open_chest":14,"minecraft:play_time":26094,"minecraft:crouch_one_cm":791,"minecraft:sneak_time":378,"tombstone:undead_killed":5,"minecraft:deaths":1,"minecraft:walk_under_water_one_cm":183,"minecraft:jump":328,"minecraft:walk_on_water_one_cm":90,"minecraft:total_world_time":26094,"minecraft:fall_one_cm":11284},"minecraft:killed":{"minecraft:skeleton":3,"minecraft:zombie":2,"minecraft:cow":7},"minecraft:dropped":{"minecraft:lapis_lazuli":1,"minecraft:stone_shovel":1,"minecraft:rotten_flesh":2,"minecraft:honeycomb":2,"minecraft:wooden_axe":1,"minecraft:rose_bush":3,"minecraft:oak_sapling":2,"tombstone:grave_dust":4,"minecraft:wooden_sword":1,"minecraft:slime_ball":1,"minecraft:arrow":3,"minecraft:blue_orchid":2,"minecraft:wooden_pickaxe":1,"minecraft:stone_pickaxe":2,"minecraft:dandelion":1},"minecraft:mined":{"botania:lime_mystical_flower":2,"botania:orange_mystical_flower":7,"botania:orange_double_flower":2,"minecraft:oak_fence":1,"minecraft:crafting_table":2,"biomesoplenty:bush":5,"minecraft:grass_block":1,"minecraft:lectern":1,"minecraft:coal_block":3,"minecraft:tall_grass":3,"botania:light_gray_mystical_flower":3,"botania:black_mystical_flower":5,"botania:cyan_mystical_flower":6,"minecraft:acacia_wood":6,"botania:lime_double_flower":2,"minecraft:smooth_stone_slab":1,"minecraft:grass":5,"minecraft:bookshelf":20,"minecraft:iron_bars":5,"minecraft:dirt":1,"botania:gray_mystical_flower":2,"minecraft:cobweb":20,"minecraft:white_tulip":3,"minecraft:stone_bricks":1,"minecraft:stone":11,"minecraft:iron_block":1,"botania:light_blue_mystical_flower":3,"minecraft:oak_leaves":6},"minecraft:crafted":{"minecraft:wooden_sword":1,"minecraft:stone_shovel":1,"minecraft:crafting_table":1,"minecraft:wooden_pickaxe":1,"minecraft:stone_axe":1,"minecraft:stick":20,"minecraft:stone_pickaxe":1,"minecraft:wooden_axe":1,"minecraft:stone_sword":1,"minecraft:acacia_planks":24},"minecraft:used":{"minecraft:stone_sword":54,"minecraft:stone_pickaxe":1,"minecraft:wooden_pickaxe":11,"minecraft:dirt":2,"minecraft:crafting_table":2,"minecraft:wooden_axe":5,"minecraft:bread":5,"minecraft:iron_pickaxe":10,"minecraft:wooden_sword":36,"minecraft:stone_axe":38,"tombstone:gift":1,"minecraft:acacia_planks":2}},"DataVersion":3120}