{"stats":{"minecraft:broken":{"minecraft:iron_axe":1,"minecraft:iron_pickaxe":1,"minecraft:iron_helmet":1},"minecraft:killed_by":{"minecraft:player":2,"minecraft:creeper":3,"minecraft:spider":1,"minecraft:skeleton":1,"minecraft:zombie":1},"minecraft:picked_up":{"minecraft:crafting_table":9,"minecraft:iron_chestplate":1,"minecraft:wheat":38,"minecraft:ladder":2,"minecraft:clay_ball":256,"biomesoplenty:flesh":3,"minecraft:oak_stairs":3,"minecraft:enchanted_book":1,"minecraft:stone_brick_stairs":13,"minecraft:polished_deepslate":4,"minecraft:oak_trapdoor":1,"minecraft:string":19,"minecraft:raw_copper":127,"minecraft:item_frame":5,"minecraft:experience_bottle":1,"tconstruct:rod_sand_cast":1,"minecraft:beetroot":1,"minecraft:cobbled_deepslate":965,"minecraft:spruce_planks":3,"botania:hydroangeas":1,"minecraft:spruce_slab":34,"minecraft:sugar_cane":3,"minecraft:acacia_log":75,"minecraft:coal_block":4,"minecraft:chest":1,"minecraft:spruce_trapdoor":16,"minecraft:furnace":5,"minecraft:egg":4,"minecraft:beehive":1,"botania:lexicon":1,"minecraft:stick":5,"minecraft:raw_iron":72,"minecraft:oak_fence":15,"minecraft:torch":11,"minecraft:spruce_stairs":30,"minecraft:stone_button":2,"tconstruct:seared_faucet":2,"tombstone:grave_dust":9,"minecraft:carrot":14,"minecraft:redstone":11,"tconstruct:sky_slime_ball":176,"tconstruct:tool_binding":1,"minecraft:weeping_vines":1,"minecraft:arrow":12,"minecraft:rotten_flesh":20,"tconstruct:grout":1,"minecraft:beetroot_seeds":3,"minecraft:hay_block":27,"minecraft:iron_bars":8,"minecraft:cobblestone":243,"tconstruct:seared_bricks":16,"minecraft:lilac":6,"minecraft:glow_ink_sac":3,"minecraft:potato":20,"minecraft:filled_map":5,"tconstruct:seared_fuel_tank":2,"tconstruct:seared_chute":2,"minecraft:flint":5,"minecraft:tuff":9,"minecraft:oak_log":28,"botania:red_mushroom":1,"minecraft:lapis_lazuli":54,"minecraft:dirt":812,"biomesoplenty:bush":1,"minecraft:red_carpet":1,"minecraft:bone":26,"minecraft:bow":1,"minecraft:wheat_seeds":297,"minecraft:raw_gold":35,"tconstruct:seared_table":1,"tconstruct:blank_sand_cast":4,"minecraft:moss_block":10,"minecraft:iron_sword":1,"minecraft:book":12,"minecraft:scaffolding":2,"minecraft:pumpkin":8,"minecraft:stone_brick_slab":2,"minecraft:dandelion":2,"minecraft:gravel":86,"minecraft:sand":80,"biomesoplenty:rooted_sand":2,"minecraft:stripped_spruce_log":6,"minecraft:spruce_sapling":4,"minecraft:white_bed":4,"minecraft:spruce_log":131,"minecraft:dark_oak_log":8,"minecraft:spider_eye":4,"minecraft:mossy_cobblestone":1,"minecraft:white_concrete_powder":1,"tconstruct:seared_basin":3,"minecraft:diamond":17,"minecraft:stone_axe":2,"minecraft:bread":18,"tombstone:magic_scroll":1,"minecraft:oak_sapling":1,"minecraft:stripped_dark_oak_log":1,"minecraft:coal":27,"minecraft:oak_leaves":67},"minecraft:custom":{"minecraft:mob_kills":51,"minecraft:interact_with_crafting_table":52,"minecraft:open_barrel":10,"minecraft:bell_ring":12,"minecraft:leave_game":1,"minecraft:time_since_death":20432,"minecraft:climb_one_cm":15980,"minecraft:sprint_one_cm":617129,"minecraft:damage_blocked_by_shield":850,"minecraft:walk_one_cm":1163839,"minecraft:drop":123,"minecraft:talked_to_villager":1,"minecraft:play_time":345948,"minecraft:sneak_time":1918,"minecraft:deaths":11,"minecraft:walk_under_water_one_cm":32371,"minecraft:jump":3178,"minecraft:interact_with_blast_furnace":27,"minecraft:walk_on_water_one_cm":48443,"minecraft:total_world_time":345948,"minecraft:interact_with_furnace":27,"tombstone:raider_killed":2,"minecraft:sleep_in_bed":1,"minecraft:time_since_rest":19590,"minecraft:waystone_activated":2,"minecraft:damage_taken":6061,"minecraft:damage_dealt":10513,"minecraft:player_kills":1,"minecraft:swim_one_cm":35599,"minecraft:fly_one_cm":403038,"minecraft:open_chest":194,"minecraft:crouch_one_cm":5344,"tombstone:undead_killed":32,"minecraft:fall_one_cm":53562},"minecraft:killed":{"minecraft:cave_spider":2,"minecraft:spider":17,"minecraft:phantom":2,"minecraft:skeleton":9,"minecraft:zombie_villager":1,"minecraft:zombie":20},"minecraft:dropped":{"minecraft:enchanted_book":2,"minecraft:spruce_sign":2,"tconstruct:seared_ingot_gauge":1,"tconstruct:rod_sand_cast":2,"minecraft:wheat_seeds":129,"biomesoplenty:rooted_sand":1,"minecraft:oak_log":1,"minecraft:glow_ink_sac":3,"minecraft:baked_potato":1,"minecraft:mossy_cobblestone":1,"minecraft:oak_fence":14,"minecraft:lead":1,"tconstruct:seared_fuel_tank":1,"botania:red_mushroom":1,"minecraft:saddle":2,"tombstone:scroll_of_mercy":1,"minecraft:coal_block":4,"minecraft:red_carpet":1,"minecraft:item_frame":4,"minecraft:dirt":6,"minecraft:stone_button":2,"tconstruct:materials_and_you":1,"tombstone:magic_scroll":1,"tombstone:grave_dust":10,"minecraft:oak_stairs":1,"minecraft:string":4,"minecraft:dandelion":4,"tconstruct:rose_gold_block":1,"minecraft:bone":40,"tconstruct:pattern":2,"minecraft:gravel":2,"minecraft:stone_axe":1,"minecraft:cobbled_deepslate":135,"minecraft:raw_copper":121,"tconstruct:seared_bricks":1,"tconstruct:blank_sand_cast":8,"minecraft:tuff":6,"minecraft:beetroot":1,"minecraft:rotten_flesh":22,"minecraft:carrot":4,"minecraft:filled_map":5,"minecraft:beetroot_seeds":3,"tconstruct:seared_brick":225,"minecraft:spider_eye":4,"minecraft:iron_bars":8,"minecraft:arrow":10,"minecraft:raw_gold":15,"biomesoplenty:flesh":3,"minecraft:white_concrete_powder":1,"minecraft:scaffolding":2,"minecraft:stone_brick_stairs":13,"botania:black_lotus":1,"minecraft:egg":2},"minecraft:mined":{"minecraft:tuff":7,"minecraft:red_carpet":1,"minecraft:spruce_planks":3,"minecraft:white_bed":3,"minecraft:mossy_cobblestone":1,"minecraft:deepslate_diamond_ore":17,"minecraft:dark_oak_log":9,"botania:red_mushroom":1,"tconstruct:seared_bricks":16,"minecraft:spruce_trapdoor":16,"minecraft:acacia_log":76,"biomesoplenty:bush":1,"minecraft:grass_block":501,"minecraft:white_stained_glass":1,"biomesoplenty:rooted_sand":1,"tconstruct:sky_earth_slime_grass":1,"minecraft:moss_block":10,"biomesoplenty:dune_grass":1,"minecraft:spawner":5,"minecraft:oak_trapdoor":1,"minecraft:hay_block":27,"biomesoplenty:tall_lavender":2,"botania:purple_mystical_flower":1,"minecraft:carrots":3,"minecraft:furnace":5,"minecraft:iron_ore":10,"minecraft:cobbled_deepslate":21,"minecraft:stripped_spruce_log":6,"minecraft:pumpkin":5,"minecraft:deepslate_lapis_ore":6,"tconstruct:seared_fuel_tank":2,"biomesoplenty:sea_oats":1,"minecraft:polished_deepslate":4,"minecraft:bookshelf":4,"minecraft:potatoes":8,"minecraft:deepslate_iron_ore":50,"minecraft:dirt_path":1,"minecraft:oak_stairs":3,"minecraft:stone":309,"minecraft:spruce_slab":27,"minecraft:deepslate_redstone_ore":2,"tconstruct:seared_chute":1,"minecraft:scaffolding":4,"minecraft:stripped_dark_oak_log":1,"minecraft:clay":74,"minecraft:oak_fence":2,"minecraft:crafting_table":10,"minecraft:torch":4,"botania:hydroangeas":1,"tconstruct:seared_basin":4,"minecraft:chest":1,"minecraft:copper_ore":2,"minecraft:tall_grass":128,"minecraft:cobblestone":1,"minecraft:deepslate_gold_ore":31,"minecraft:lapis_ore":2,"minecraft:sugar_cane":1,"minecraft:wall_torch":4,"minecraft:deepslate_copper_ore":20,"minecraft:spruce_stairs":30,"tconstruct:earth_slime_dirt":1,"tconstruct:seared_faucet":2,"minecraft:beehive":1,"minecraft:wheat":44,"minecraft:lilac":6,"minecraft:spruce_log":131,"minecraft:pumpkin_stem":3,"minecraft:stone_brick_stairs":4,"minecraft:grass":533,"minecraft:coal_ore":20,"minecraft:oak_log":28,"minecraft:beetroots":1,"minecraft:gravel":91,"minecraft:sand":85,"minecraft:dirt":289,"minecraft:cobweb":9,"minecraft:stone_bricks":3,"tconstruct:sky_congealed_slime":51,"minecraft:oak_leaves":89,"minecraft:deepslate":392},"minecraft:crafted":{"tconstruct:pattern":3,"minecraft:oak_planks":44,"minecraft:coal":18,"tconstruct:puny_smelting":1,"minecraft:iron_nugget":9,"tconstruct:tool_handle_sand_cast":1,"minecraft:furnace":2,"minecraft:diamond_shovel":2,"minecraft:glass":2,"minecraft:lantern":1,"minecraft:spruce_stairs":40,"tconstruct:ingot_sand_cast":1,"minecraft:bow":1,"minecraft:iron_boots":1,"minecraft:polished_deepslate":8,"minecraft:iron_axe":2,"minecraft:spruce_slab":132,"tconstruct:materials_and_you":1,"tconstruct:seared_brick":9,"minecraft:chest":6,"tconstruct:seared_fuel_tank":1,"minecraft:wheat":243,"minecraft:cooked_beef":1,"tconstruct:rod_sand_cast":1,"minecraft:spruce_sign":3,"minecraft:crafting_table":5,"minecraft:spruce_planks":340,"minecraft:iron_helmet":1,"minecraft:wooden_pickaxe":1,"minecraft:baked_potato":20,"minecraft:spruce_door":3,"tconstruct:blank_sand_cast":12,"minecraft:bucket":4,"minecraft:birch_planks":24,"minecraft:air":0,"minecraft:bread":93,"tconstruct:tool_binding_sand_cast":1,"minecraft:spruce_trapdoor":36,"justhammers:iron_hammer":1,"minecraft:diamond_pickaxe":1,"minecraft:shield":1,"tconstruct:rose_gold_ingot":9,"minecraft:stick":68,"tconstruct:pick_head_sand_cast":1,"minecraft:iron_ingot":43,"minecraft:iron_pickaxe":1,"minecraft:iron_shovel":1,"minecraft:gold_ingot":5,"minecraft:iron_leggings":1,"minecraft:acacia_planks":44,"minecraft:torch":172,"minecraft:shears":1},"minecraft:used":{"botania:hydroangeas":1,"minecraft:iron_shovel":244,"minecraft:polished_deepslate":4,"spartanweaponry:iron_halberd":4,"minecraft:spruce_slab":92,"minecraft:ladder":2,"minecraft:chest":7,"minecraft:spruce_planks":9,"minecraft:shield":18,"minecraft:iron_sword":263,"tconstruct:seared_fuel_tank":2,"minecraft:iron_chestplate":1,"minecraft:torch":80,"minecraft:dirt":643,"minecraft:spruce_stairs":49,"tconstruct:seared_bricks":16,"minecraft:carrot":14,"minecraft:tuff":3,"minecraft:glass":2,"minecraft:stone_brick_slab":2,"minecraft:lava_bucket":2,"minecraft:lantern":1,"minecraft:iron_axe":383,"minecraft:oak_stairs":2,"tconstruct:seared_faucet":2,"minecraft:furnace":7,"tombstone:gift":3,"minecraft:cooked_beef":1,"minecraft:cobbled_deepslate":340,"minecraft:cooked_mutton":1,"tombstone:scroll_of_mercy":3,"minecraft:water_bucket":1,"minecraft:spruce_door":1,"minecraft:baked_potato":19,"minecraft:oak_planks":40,"minecraft:spruce_sign":1,"minecraft:sand":10,"minecraft:crafting_table":11,"minecraft:white_bed":3,"tconstruct:seared_basin":3,"tconstruct:seared_chute":2,"minecraft:spruce_log":40,"justhammers:iron_hammer":82,"minecraft:shears":79,"minecraft:diamond_pickaxe":698,"minecraft:diamond_shovel":871,"tconstruct:seared_table":1,"minecraft:bread":42,"minecraft:iron_pickaxe":250,"minecraft:spruce_trapdoor":52,"minecraft:spruce_sapling":4,"minecraft:bucket":8,"minecraft:experience_bottle":1}},"DataVersion":3120}