{"stats":{"minecraft:broken":{"justhammers:iron_hammer":1,"minecraft:iron_axe":2,"minecraft:iron_pickaxe":1,"minecraft:iron_helmet":1},"minecraft:killed_by":{"minecraft:creeper":3,"minecraft:zombie":1,"minecraft:player":3,"minecraft:spider":1,"minecraft:skeleton":1},"minecraft:picked_up":{"minecraft:iron_chestplate":1,"minecraft:wheat":38,"minecraft:oak_stairs":3,"minecraft:enchanted_book":1,"minecraft:stone_brick_stairs":13,"minecraft:polished_deepslate":9,"minecraft:string":19,"minecraft:raw_copper":127,"minecraft:experience_bottle":1,"minecraft:beetroot":1,"minecraft:cobbled_deepslate":966,"minecraft:spruce_planks":30,"botania:hydroangeas":1,"minecraft:coal_block":4,"minecraft:furnace":10,"minecraft:stick":9,"botania:lexicon":1,"minecraft:beehive":3,"minecraft:polished_deepslate_stairs":4,"minecraft:oak_fence":15,"minecraft:torch":20,"minecraft:acacia_log":80,"minecraft:spruce_stairs":35,"tconstruct:seared_faucet":2,"tombstone:grave_dust":9,"tconstruct:tool_binding":1,"minecraft:rotten_flesh":22,"minecraft:iron_bars":8,"minecraft:cobblestone":627,"tconstruct:seared_bricks":16,"minecraft:lilac":6,"minecraft:potato":20,"minecraft:flint":13,"minecraft:tuff":9,"minecraft:dirt":857,"minecraft:lapis_lazuli":54,"minecraft:lantern":1,"biomesoplenty:bush":1,"minecraft:bone":26,"minecraft:acacia_planks":9,"minecraft:bow":1,"minecraft:wheat_seeds":297,"minecraft:raw_gold":35,"tconstruct:seared_table":1,"tconstruct:blank_sand_cast":4,"minecraft:moss_block":11,"minecraft:oak_planks":29,"minecraft:sand":142,"minecraft:stripped_spruce_log":11,"minecraft:dark_oak_log":9,"minecraft:mossy_cobblestone":1,"minecraft:stripped_acacia_log":12,"minecraft:diamond":17,"tconstruct:seared_basin":3,"minecraft:bread":18,"minecraft:oak_sapling":2,"minecraft:oak_leaves":67,"minecraft:crafting_table":10,"minecraft:ladder":2,"minecraft:clay_ball":256,"biomesoplenty:flesh":3,"minecraft:oak_trapdoor":1,"minecraft:item_frame":6,"tconstruct:rod_sand_cast":1,"minecraft:spruce_slab":34,"minecraft:sugar_cane":3,"minecraft:chest":5,"minecraft:spruce_trapdoor":16,"minecraft:egg":4,"minecraft:raw_iron":72,"minecraft:polished_deepslate_slab":2,"minecraft:stone_button":2,"minecraft:carrot":14,"minecraft:redstone":11,"tconstruct:sky_slime_ball":176,"minecraft:arrow":12,"minecraft:weeping_vines":1,"tconstruct:grout":1,"minecraft:beetroot_seeds":3,"minecraft:hay_block":27,"minecraft:glow_ink_sac":3,"tconstruct:seared_fuel_tank":2,"minecraft:filled_map":5,"tconstruct:seared_chute":2,"minecraft:oak_log":45,"botania:red_mushroom":1,"minecraft:red_carpet":1,"minecraft:iron_sword":1,"minecraft:book":12,"minecraft:scaffolding":2,"minecraft:pumpkin":8,"minecraft:stone_brick_slab":2,"minecraft:dandelion":2,"minecraft:gravel":108,"biomesoplenty:rooted_sand":2,"minecraft:spruce_sapling":8,"minecraft:white_bed":7,"minecraft:spruce_log":222,"minecraft:spruce_door":1,"minecraft:spider_eye":4,"minecraft:white_concrete_powder":1,"minecraft:stone_axe":2,"tombstone:magic_scroll":1,"minecraft:stripped_dark_oak_log":5,"minecraft:coal":35},"minecraft:custom":{"minecraft:interact_with_crafting_table":67,"minecraft:open_barrel":10,"minecraft:bell_ring":12,"minecraft:leave_game":1,"minecraft:time_since_death":57888,"minecraft:sprint_one_cm":754307,"minecraft:damage_blocked_by_shield":1145,"minecraft:drop":140,"minecraft:talked_to_villager":1,"minecraft:play_time":435948,"minecraft:deaths":12,"minecraft:jump":3655,"minecraft:walk_on_water_one_cm":55118,"minecraft:interact_with_furnace":28,"minecraft:sleep_in_bed":2,"minecraft:waystone_activated":4,"minecraft:damage_dealt":10891,"minecraft:player_kills":1,"minecraft:crouch_one_cm":7173,"tombstone:undead_killed":34,"minecraft:horse_one_cm":21696,"minecraft:mob_kills":53,"minecraft:climb_one_cm":15980,"minecraft:walk_one_cm":1488544,"minecraft:sneak_time":2577,"minecraft:walk_under_water_one_cm":34427,"minecraft:interact_with_blast_furnace":27,"minecraft:total_world_time":435948,"tombstone:raider_killed":2,"minecraft:time_since_rest":17512,"minecraft:damage_taken":6682,"minecraft:swim_one_cm":38600,"minecraft:fly_one_cm":470275,"minecraft:open_chest":300,"minecraft:fall_one_cm":62883},"minecraft:killed":{"minecraft:cave_spider":2,"minecraft:spider":17,"minecraft:skeleton":9,"minecraft:zombie_villager":1,"minecraft:zombie":22,"minecraft:phantom":2},"minecraft:dropped":{"minecraft:spruce_sign":2,"tconstruct:seared_ingot_gauge":1,"tconstruct:rod_sand_cast":2,"minecraft:baked_potato":1,"biomesoplenty:rooted_sand":1,"minecraft:oak_log":1,"minecraft:glow_ink_sac":3,"minecraft:weeping_vines":1,"tconstruct:seared_fuel_tank":1,"botania:red_mushroom":1,"minecraft:saddle":2,"minecraft:red_carpet":1,"minecraft:item_frame":6,"minecraft:dirt":6,"tconstruct:materials_and_you":1,"minecraft:stone_button":2,"tconstruct:rose_gold_block":1,"minecraft:bone":40,"tconstruct:pattern":2,"minecraft:gravel":4,"minecraft:stone_axe":3,"minecraft:cobbled_deepslate":135,"tombstone:gift":1,"minecraft:beetroot":1,"minecraft:rotten_flesh":32,"minecraft:carrot":4,"minecraft:beetroot_seeds":3,"minecraft:iron_bars":8,"minecraft:arrow":11,"biomesoplenty:flesh":3,"minecraft:white_concrete_powder":1,"minecraft:scaffolding":2,"minecraft:stone_brick_stairs":13,"botania:black_lotus":1,"minecraft:egg":4,"minecraft:iron_ingot":2,"minecraft:enchanted_book":2,"minecraft:wheat_seeds":129,"minecraft:mossy_cobblestone":1,"minecraft:oak_fence":14,"minecraft:lead":1,"tombstone:scroll_of_mercy":1,"minecraft:coal_block":4,"tombstone:magic_scroll":1,"tombstone:grave_dust":10,"minecraft:oak_stairs":1,"minecraft:iron_shovel":1,"minecraft:string":4,"minecraft:dandelion":4,"minecraft:polished_deepslate":5,"minecraft:raw_copper":121,"tconstruct:seared_bricks":1,"tconstruct:blank_sand_cast":8,"minecraft:tuff":6,"minecraft:filled_map":5,"tconstruct:seared_brick":225,"minecraft:spider_eye":4,"minecraft:raw_gold":15},"minecraft:mined":{"minecraft:spruce_planks":31,"minecraft:white_bed":6,"tconstruct:seared_bricks":16,"minecraft:spruce_trapdoor":16,"minecraft:acacia_log":81,"minecraft:grass_block":527,"biomesoplenty:rooted_sand":1,"minecraft:spawner":5,"botania:purple_mystical_flower":1,"biomesoplenty:tall_lavender":2,"minecraft:iron_ore":10,"minecraft:cobbled_deepslate":21,"minecraft:pumpkin":5,"minecraft:deepslate_lapis_ore":6,"tconstruct:seared_fuel_tank":2,"minecraft:dirt_path":1,"minecraft:oak_stairs":3,"minecraft:spruce_slab":27,"minecraft:deepslate_redstone_ore":2,"tconstruct:seared_chute":1,"minecraft:clay":74,"minecraft:torch":4,"botania:hydroangeas":1,"minecraft:chest":5,"minecraft:cobblestone":8,"minecraft:oak_planks":37,"minecraft:sugar_cane":1,"minecraft:wall_torch":7,"minecraft:deepslate_copper_ore":20,"tconstruct:seared_faucet":2,"minecraft:wheat":44,"minecraft:lilac":6,"tconstruct:earth_slime_dirt":1,"minecraft:pumpkin_stem":3,"minecraft:stone_brick_stairs":4,"minecraft:grass":534,"minecraft:oak_log":46,"minecraft:beetroots":1,"minecraft:sand":85,"minecraft:dirt":316,"minecraft:oak_leaves":92,"minecraft:deepslate":392,"minecraft:red_carpet":1,"minecraft:tuff":7,"minecraft:mossy_cobblestone":1,"minecraft:deepslate_diamond_ore":17,"botania:red_mushroom":1,"minecraft:dark_oak_log":10,"biomesoplenty:bush":1,"minecraft:white_stained_glass":1,"minecraft:spruce_leaves":10,"minecraft:moss_block":11,"biomesoplenty:dune_grass":1,"minecraft:hay_block":27,"minecraft:oak_trapdoor":1,"minecraft:furnace":10,"minecraft:carrots":3,"tconstruct:sky_earth_slime_grass":1,"minecraft:stripped_spruce_log":11,"biomesoplenty:sea_oats":1,"minecraft:polished_deepslate":4,"minecraft:bookshelf":4,"minecraft:potatoes":8,"minecraft:deepslate_iron_ore":50,"minecraft:stripped_acacia_log":12,"minecraft:stone":523,"minecraft:podzol":1,"minecraft:scaffolding":4,"minecraft:stripped_dark_oak_log":5,"minecraft:oak_fence":2,"minecraft:crafting_table":11,"tconstruct:seared_basin":4,"minecraft:tall_grass":128,"minecraft:copper_ore":2,"minecraft:lapis_ore":2,"minecraft:deepslate_gold_ore":31,"minecraft:spruce_stairs":36,"minecraft:beehive":3,"minecraft:spruce_log":224,"minecraft:coal_ore":21,"minecraft:gravel":119,"minecraft:cobweb":9,"minecraft:acacia_planks":9,"minecraft:stone_bricks":3,"tconstruct:sky_congealed_slime":51},"minecraft:crafted":{"minecraft:oak_planks":176,"tconstruct:puny_smelting":1,"minecraft:diamond_shovel":2,"minecraft:glass":2,"minecraft:bow":1,"minecraft:iron_boots":1,"tconstruct:materials_and_you":1,"tconstruct:seared_brick":9,"minecraft:chest":14,"tconstruct:seared_fuel_tank":1,"minecraft:crafting_table":7,"minecraft:spruce_planks":705,"minecraft:wooden_pickaxe":1,"minecraft:baked_potato":20,"minecraft:iron_helmet":1,"minecraft:spruce_door":3,"tconstruct:blank_sand_cast":12,"minecraft:acacia_button":1,"minecraft:birch_planks":24,"tconstruct:tool_binding_sand_cast":1,"minecraft:spruce_trapdoor":36,"minecraft:diamond_pickaxe":1,"tconstruct:rose_gold_ingot":9,"minecraft:shield":1,"minecraft:stick":76,"minecraft:iron_ingot":43,"minecraft:iron_pickaxe":1,"minecraft:gold_ingot":5,"minecraft:shears":1,"tconstruct:pattern":3,"minecraft:coal":18,"minecraft:iron_nugget":9,"tconstruct:tool_handle_sand_cast":1,"minecraft:furnace":6,"minecraft:lantern":1,"minecraft:spruce_stairs":80,"tconstruct:ingot_sand_cast":1,"minecraft:polished_deepslate":8,"minecraft:iron_axe":3,"minecraft:spruce_slab":132,"minecraft:wheat":243,"minecraft:cooked_beef":1,"tconstruct:rod_sand_cast":1,"minecraft:spruce_sign":9,"minecraft:bucket":4,"minecraft:stone_axe":3,"minecraft:bread":93,"minecraft:air":0,"justhammers:iron_hammer":1,"tconstruct:pick_head_sand_cast":1,"minecraft:iron_shovel":1,"minecraft:iron_leggings":1,"minecraft:acacia_planks":228,"minecraft:torch":172},"minecraft:used":{"minecraft:moss_block":11,"minecraft:iron_shovel":244,"minecraft:polished_deepslate":4,"minecraft:spruce_slab":163,"minecraft:ladder":2,"minecraft:chest":19,"minecraft:shield":22,"minecraft:iron_sword":266,"minecraft:iron_chestplate":1,"tconstruct:seared_fuel_tank":2,"minecraft:carrot":15,"minecraft:acacia_button":1,"minecraft:tuff":3,"minecraft:beehive":3,"minecraft:stripped_spruce_log":1,"minecraft:glass":2,"minecraft:lava_bucket":2,"minecraft:lantern":2,"tconstruct:seared_faucet":2,"minecraft:oak_sapling":2,"minecraft:furnace":16,"minecraft:spruce_door":4,"minecraft:stripped_acacia_log":7,"minecraft:oak_planks":193,"minecraft:oak_leaves":29,"minecraft:sand":10,"minecraft:shears":79,"waystones:waystone":1,"biomesoplenty:bush":1,"minecraft:dark_oak_log":9,"minecraft:bread":53,"minecraft:lilac":6,"minecraft:experience_bottle":1,"botania:hydroangeas":1,"minecraft:oak_trapdoor":1,"minecraft:oak_fence":1,"minecraft:acacia_log":23,"minecraft:spruce_planks":297,"spartanweaponry:iron_halberd":15,"minecraft:torch":141,"minecraft:dirt":652,"minecraft:spruce_stairs":77,"tconstruct:seared_bricks":16,"minecraft:stone_brick_slab":2,"minecraft:iron_axe":528,"minecraft:oak_stairs":2,"tombstone:gift":3,"minecraft:cooked_beef":1,"minecraft:acacia_planks":129,"minecraft:cobbled_deepslate":341,"minecraft:cooked_mutton":1,"tombstone:scroll_of_mercy":3,"minecraft:water_bucket":5,"minecraft:baked_potato":19,"minecraft:spruce_sign":5,"minecraft:stripped_dark_oak_log":3,"minecraft:crafting_table":15,"tconstruct:seared_basin":3,"minecraft:white_bed":6,"tconstruct:seared_chute":2,"minecraft:spruce_log":51,"justhammers:iron_hammer":141,"minecraft:diamond_pickaxe":927,"minecraft:diamond_shovel":933,"tconstruct:seared_table":1,"minecraft:iron_pickaxe":250,"minecraft:spruce_trapdoor":52,"minecraft:spruce_sapling":8,"minecraft:stone_axe":124,"minecraft:cobblestone":30,"minecraft:bucket":12}},"DataVersion":3120}