{"stats":{"minecraft:broken":{"minecraft:iron_boots":1,"minecraft:iron_chestplate":1,"justhammers:iron_hammer":1,"minecraft:iron_axe":2,"minecraft:iron_pickaxe":1,"minecraft:iron_helmet":1},"minecraft:killed_by":{"minecraft:creeper":3,"minecraft:zombie":1,"minecraft:player":3,"minecraft:spider":1,"minecraft:skeleton":1},"minecraft:picked_up":{"minecraft:iron_chestplate":1,"minecraft:wheat":38,"minecraft:oak_stairs":3,"minecraft:enchanted_book":1,"minecraft:stone_brick_stairs":13,"minecraft:polished_deepslate":9,"minecraft:soul_soil":2,"minecraft:string":19,"minecraft:raw_copper":127,"minecraft:red_nether_bricks":2,"minecraft:experience_bottle":1,"minecraft:beetroot":1,"minecraft:cobbled_deepslate":966,"minecraft:spruce_planks":31,"botania:hydroangeas":1,"minecraft:coal_block":4,"minecraft:furnace":10,"botania:lexicon":1,"minecraft:beehive":3,"minecraft:stick":9,"minecraft:polished_deepslate_stairs":4,"minecraft:oak_fence":15,"minecraft:torch":20,"minecraft:acacia_log":80,"minecraft:spruce_stairs":47,"tconstruct:seared_faucet":2,"tombstone:grave_dust":9,"tconstruct:tool_binding":1,"minecraft:rotten_flesh":22,"minecraft:iron_bars":8,"minecraft:cobblestone":632,"tconstruct:seared_bricks":16,"minecraft:lilac":6,"minecraft:potato":20,"minecraft:flint":13,"minecraft:tuff":9,"minecraft:lapis_lazuli":55,"minecraft:dirt":857,"minecraft:lantern":1,"biomesoplenty:bush":1,"minecraft:bone":27,"minecraft:acacia_planks":9,"minecraft:bow":1,"minecraft:wheat_seeds":297,"minecraft:raw_gold":35,"tconstruct:seared_table":1,"tconstruct:blank_sand_cast":4,"minecraft:glowstone_dust":20,"minecraft:moss_block":11,"minecraft:oak_planks":29,"minecraft:black_terracotta":2,"minecraft:sand":142,"minecraft:stripped_spruce_log":11,"minecraft:dark_oak_log":9,"minecraft:mossy_cobblestone":1,"minecraft:stripped_acacia_log":12,"minecraft:diamond":17,"tconstruct:seared_basin":3,"minecraft:bread":18,"minecraft:oak_sapling":2,"minecraft:netherrack":124,"minecraft:oak_leaves":67,"minecraft:crafting_table":10,"minecraft:ladder":2,"minecraft:clay_ball":256,"biomesoplenty:flesh":18,"minecraft:oak_trapdoor":1,"minecraft:item_frame":6,"minecraft:blackstone":10,"tconstruct:rod_sand_cast":1,"minecraft:spruce_slab":34,"minecraft:sugar_cane":3,"minecraft:chest":5,"minecraft:spruce_trapdoor":16,"minecraft:egg":4,"minecraft:raw_iron":72,"tconstruct:raw_cobalt":5,"minecraft:polished_deepslate_slab":2,"minecraft:polished_blackstone_bricks":13,"minecraft:stone_button":2,"minecraft:carrot":14,"minecraft:redstone":11,"tconstruct:sky_slime_ball":176,"minecraft:weeping_vines":1,"minecraft:arrow":14,"tconstruct:grout":1,"minecraft:beetroot_seeds":3,"minecraft:nether_bricks":2,"minecraft:hay_block":27,"minecraft:basalt":3,"minecraft:crimson_stem":5,"minecraft:glow_ink_sac":3,"minecraft:filled_map":5,"tconstruct:seared_fuel_tank":2,"tconstruct:seared_chute":2,"minecraft:oak_log":45,"minecraft:gunpowder":1,"botania:red_mushroom":1,"minecraft:red_carpet":1,"minecraft:soul_sand":89,"minecraft:iron_sword":1,"minecraft:book":12,"minecraft:scaffolding":2,"minecraft:pumpkin":8,"minecraft:stone_brick_slab":2,"minecraft:quartz":67,"minecraft:dandelion":2,"minecraft:gravel":108,"biomesoplenty:rooted_sand":2,"minecraft:spruce_sapling":8,"minecraft:white_bed":7,"minecraft:spruce_log":222,"minecraft:spruce_door":3,"minecraft:spider_eye":4,"minecraft:white_concrete_powder":1,"minecraft:stone_axe":2,"tombstone:magic_scroll":1,"minecraft:stripped_dark_oak_log":5,"minecraft:coal":36},"minecraft:custom":{"minecraft:interact_with_crafting_table":69,"minecraft:open_barrel":10,"minecraft:bell_ring":12,"minecraft:leave_game":2,"minecraft:time_since_death":5748,"minecraft:sprint_one_cm":869904,"minecraft:damage_blocked_by_shield":1415,"minecraft:drop":156,"minecraft:talked_to_villager":1,"minecraft:play_time":485406,"minecraft:deaths":15,"minecraft:jump":4420,"minecraft:walk_on_water_one_cm":60090,"minecraft:interact_with_furnace":28,"minecraft:sleep_in_bed":2,"minecraft:waystone_activated":4,"minecraft:damage_dealt":11984,"minecraft:player_kills":1,"minecraft:crouch_one_cm":9342,"tombstone:undead_killed":37,"minecraft:horse_one_cm":21696,"minecraft:mob_kills":59,"minecraft:climb_one_cm":15980,"minecraft:walk_one_cm":1654758,"minecraft:sneak_time":3149,"minecraft:walk_under_water_one_cm":34443,"minecraft:interact_with_blast_furnace":27,"minecraft:total_world_time":485406,"tombstone:raider_killed":2,"minecraft:time_since_rest":3449,"minecraft:damage_taken":8047,"minecraft:swim_one_cm":38600,"minecraft:fly_one_cm":574995,"minecraft:open_chest":336,"minecraft:fall_one_cm":82800},"minecraft:killed":{"minecraft:cave_spider":2,"minecraft:spider":17,"minecraft:skeleton":11,"minecraft:piglin":2,"minecraft:zombie_villager":1,"minecraft:zombie":22,"minecraft:phantom":2,"minecraft:wither_skeleton":1},"minecraft:dropped":{"minecraft:spruce_sign":2,"tconstruct:seared_ingot_gauge":1,"tconstruct:rod_sand_cast":2,"biomesoplenty:rooted_sand":1,"minecraft:oak_log":1,"minecraft:baked_potato":1,"minecraft:glow_ink_sac":3,"minecraft:weeping_vines":1,"tconstruct:seared_fuel_tank":1,"botania:red_mushroom":1,"minecraft:saddle":2,"minecraft:red_carpet":1,"minecraft:item_frame":6,"minecraft:dirt":6,"tconstruct:materials_and_you":1,"minecraft:stone_button":2,"tconstruct:rose_gold_block":1,"minecraft:bone":40,"tconstruct:pattern":2,"minecraft:gravel":4,"minecraft:stone_axe":3,"minecraft:cobbled_deepslate":135,"tombstone:gift":1,"minecraft:beetroot":1,"minecraft:rotten_flesh":32,"minecraft:carrot":4,"minecraft:beetroot_seeds":3,"minecraft:iron_bars":8,"minecraft:arrow":11,"biomesoplenty:flesh":3,"minecraft:white_concrete_powder":1,"minecraft:scaffolding":2,"minecraft:stone_brick_stairs":13,"botania:black_lotus":1,"minecraft:egg":4,"minecraft:enchanted_book":2,"minecraft:iron_ingot":2,"minecraft:bread":16,"minecraft:wheat_seeds":129,"minecraft:mossy_cobblestone":1,"minecraft:oak_fence":14,"minecraft:lead":1,"tombstone:scroll_of_mercy":1,"minecraft:coal_block":4,"tombstone:magic_scroll":1,"tombstone:grave_dust":10,"minecraft:oak_stairs":1,"minecraft:iron_shovel":1,"minecraft:string":4,"minecraft:dandelion":4,"minecraft:polished_deepslate":5,"minecraft:raw_copper":121,"tconstruct:seared_bricks":1,"tconstruct:blank_sand_cast":8,"minecraft:tuff":6,"minecraft:filled_map":5,"tconstruct:seared_brick":225,"minecraft:spider_eye":4,"minecraft:raw_gold":15},"minecraft:mined":{"minecraft:spruce_planks":32,"minecraft:white_bed":6,"minecraft:black_terracotta":1,"minecraft:red_nether_bricks":2,"tconstruct:seared_bricks":16,"minecraft:spruce_trapdoor":16,"minecraft:acacia_log":81,"minecraft:grass_block":527,"minecraft:cracked_polished_blackstone_bricks":1,"minecraft:soul_soil":2,"biomesoplenty:rooted_sand":1,"minecraft:spawner":5,"biomesoplenty:blackstone_bulb":1,"minecraft:polished_blackstone_bricks":13,"minecraft:magma_block":1,"botania:purple_mystical_flower":1,"biomesoplenty:tall_lavender":2,"minecraft:glowstone":7,"minecraft:iron_ore":10,"minecraft:cobbled_deepslate":21,"tconstruct:cobalt_ore":5,"minecraft:pumpkin":5,"minecraft:deepslate_lapis_ore":6,"tconstruct:seared_fuel_tank":2,"minecraft:dirt_path":1,"minecraft:oak_stairs":3,"minecraft:spruce_slab":27,"minecraft:deepslate_redstone_ore":2,"tconstruct:seared_chute":1,"minecraft:blackstone":10,"minecraft:soul_fire":1,"minecraft:clay":74,"minecraft:torch":4,"botania:hydroangeas":1,"minecraft:chest":5,"minecraft:nether_quartz_ore":67,"minecraft:cobblestone":11,"minecraft:sugar_cane":1,"minecraft:oak_planks":37,"minecraft:wall_torch":7,"minecraft:deepslate_copper_ore":20,"tconstruct:seared_faucet":2,"biomesoplenty:hair":1,"minecraft:wheat":44,"minecraft:lilac":6,"tconstruct:earth_slime_dirt":1,"minecraft:pumpkin_stem":3,"minecraft:stone_brick_stairs":4,"minecraft:grass":534,"minecraft:oak_log":46,"minecraft:beetroots":1,"minecraft:sand":85,"minecraft:dirt":316,"minecraft:netherrack":91,"minecraft:oak_leaves":92,"minecraft:deepslate":392,"minecraft:red_carpet":1,"minecraft:tuff":7,"minecraft:mossy_cobblestone":1,"minecraft:deepslate_diamond_ore":17,"botania:red_mushroom":1,"minecraft:dark_oak_log":10,"minecraft:nether_bricks":1,"biomesoplenty:bush":1,"minecraft:white_stained_glass":1,"minecraft:spruce_leaves":10,"minecraft:moss_block":11,"biomesoplenty:dune_grass":1,"minecraft:crimson_stem":6,"minecraft:hay_block":27,"minecraft:oak_trapdoor":1,"minecraft:furnace":10,"minecraft:carrots":3,"tconstruct:sky_earth_slime_grass":1,"minecraft:stripped_spruce_log":11,"biomesoplenty:flesh":16,"biomesoplenty:sea_oats":1,"minecraft:polished_deepslate":4,"minecraft:bookshelf":4,"minecraft:potatoes":8,"minecraft:deepslate_iron_ore":50,"minecraft:stripped_acacia_log":12,"minecraft:stone":524,"minecraft:podzol":1,"minecraft:scaffolding":4,"minecraft:soul_sand":90,"minecraft:stripped_dark_oak_log":5,"minecraft:basalt":4,"minecraft:spruce_door":2,"minecraft:oak_fence":2,"minecraft:crafting_table":11,"tconstruct:seared_basin":4,"minecraft:tall_grass":128,"minecraft:copper_ore":2,"minecraft:lapis_ore":2,"minecraft:deepslate_gold_ore":31,"minecraft:spruce_stairs":48,"minecraft:beehive":3,"minecraft:spruce_log":224,"minecraft:coal_ore":21,"minecraft:gravel":119,"minecraft:cobweb":9,"minecraft:acacia_planks":9,"minecraft:stone_bricks":3,"tconstruct:sky_congealed_slime":51},"minecraft:crafted":{"minecraft:oak_planks":176,"tconstruct:puny_smelting":1,"minecraft:diamond_shovel":2,"minecraft:glass":2,"minecraft:bow":1,"minecraft:iron_boots":1,"tconstruct:materials_and_you":1,"tconstruct:seared_brick":9,"minecraft:chest":14,"tconstruct:seared_fuel_tank":1,"minecraft:crafting_table":7,"minecraft:spruce_planks":721,"minecraft:iron_helmet":1,"minecraft:wooden_pickaxe":1,"minecraft:baked_potato":20,"minecraft:spruce_door":3,"tconstruct:blank_sand_cast":12,"minecraft:birch_planks":24,"minecraft:acacia_button":1,"tconstruct:tool_binding_sand_cast":1,"minecraft:spruce_trapdoor":36,"minecraft:diamond_pickaxe":1,"tconstruct:rose_gold_ingot":9,"minecraft:shield":1,"minecraft:stick":76,"minecraft:iron_ingot":43,"minecraft:iron_pickaxe":1,"minecraft:gold_ingot":5,"minecraft:shears":1,"tconstruct:pattern":3,"minecraft:coal":18,"minecraft:iron_nugget":9,"tconstruct:tool_handle_sand_cast":1,"minecraft:furnace":6,"minecraft:flint_and_steel":1,"minecraft:lantern":1,"minecraft:spruce_stairs":80,"tconstruct:ingot_sand_cast":1,"minecraft:polished_deepslate":8,"minecraft:iron_axe":3,"minecraft:spruce_slab":132,"minecraft:wheat":243,"minecraft:cooked_beef":1,"tconstruct:rod_sand_cast":1,"minecraft:spruce_sign":9,"minecraft:bucket":4,"minecraft:stone_axe":3,"minecraft:bread":93,"minecraft:air":0,"justhammers:iron_hammer":1,"tconstruct:pick_head_sand_cast":1,"minecraft:iron_shovel":1,"minecraft:iron_leggings":1,"minecraft:acacia_planks":228,"minecraft:torch":172},"minecraft:used":{"minecraft:moss_block":11,"minecraft:iron_shovel":244,"minecraft:polished_deepslate":4,"minecraft:spruce_slab":163,"minecraft:ladder":2,"minecraft:chest":19,"minecraft:shield":29,"minecraft:iron_sword":280,"minecraft:iron_chestplate":1,"tconstruct:seared_fuel_tank":2,"minecraft:carrot":15,"minecraft:acacia_button":1,"minecraft:tuff":3,"minecraft:beehive":3,"minecraft:stripped_spruce_log":1,"minecraft:obsidian":16,"minecraft:glass":2,"minecraft:lava_bucket":2,"minecraft:lantern":2,"tconstruct:seared_faucet":2,"minecraft:furnace":16,"minecraft:oak_sapling":2,"biomesoplenty:flesh":15,"minecraft:spruce_door":6,"minecraft:stripped_acacia_log":7,"minecraft:oak_planks":193,"minecraft:blackstone":10,"minecraft:oak_leaves":29,"minecraft:sand":10,"minecraft:shears":79,"waystones:waystone":1,"biomesoplenty:bush":1,"minecraft:dark_oak_log":9,"minecraft:bread":69,"minecraft:lilac":6,"minecraft:experience_bottle":1,"botania:hydroangeas":1,"minecraft:oak_fence":1,"minecraft:oak_trapdoor":1,"minecraft:acacia_log":23,"minecraft:flint_and_steel":2,"minecraft:spruce_planks":344,"spartanweaponry:iron_halberd":15,"minecraft:netherrack":60,"minecraft:torch":145,"minecraft:dirt":652,"minecraft:spruce_stairs":110,"tconstruct:seared_bricks":16,"minecraft:stone_brick_slab":2,"minecraft:iron_axe":553,"minecraft:oak_stairs":2,"biomesoplenty:blood_bucket":9,"tombstone:gift":3,"minecraft:cooked_beef":1,"minecraft:acacia_planks":129,"minecraft:cobbled_deepslate":341,"minecraft:cooked_mutton":1,"tombstone:scroll_of_mercy":3,"minecraft:water_bucket":6,"minecraft:baked_potato":19,"minecraft:spruce_sign":5,"minecraft:stripped_dark_oak_log":3,"minecraft:crafting_table":15,"minecraft:white_bed":6,"tconstruct:seared_basin":3,"tconstruct:seared_chute":2,"minecraft:spruce_log":51,"justhammers:iron_hammer":141,"minecraft:diamond_pickaxe":1131,"minecraft:diamond_shovel":1027,"tconstruct:seared_table":1,"minecraft:iron_pickaxe":250,"minecraft:spruce_trapdoor":52,"minecraft:spruce_sapling":8,"minecraft:stone_axe":124,"minecraft:cobblestone":59,"minecraft:bucket":21}},"DataVersion":3120}