{"stats":{"minecraft:broken":{"minecraft:iron_shovel":1,"minecraft:stone_axe":1,"justhammers:iron_hammer":2,"minecraft:iron_axe":3,"minecraft:iron_pickaxe":1},"minecraft:killed_by":{"minecraft:creeper":1,"minecraft:zombie":2,"minecraft:skeleton":1},"minecraft:picked_up":{"minecraft:wheat":2,"minecraft:redstone_block":1,"minecraft:enchanted_book":2,"minecraft:stone_brick_stairs":1,"botania:light_blue_mushroom":1,"minecraft:polished_deepslate":9,"tconstruct:earth_slime_dirt":1,"minecraft:raw_copper":26,"biomesoplenty:tall_lavender":2,"minecraft:experience_bottle":3,"minecraft:zombie_head":3,"minecraft:oak_sign":2,"botania:manasteel_chestplate":1,"biomesoplenty:redwood_slab":142,"minecraft:cobbled_deepslate":299,"minecraft:bucket":5,"minecraft:spruce_planks":27,"minecraft:rose_bush":1,"minecraft:calcite":46,"minecraft:azalea":1,"minecraft:coal_block":9,"minecraft:furnace":2,"minecraft:tipped_arrow":4,"minecraft:stick":16,"minecraft:acacia_fence":1,"minecraft:big_dripleaf":1,"minecraft:torch":9,"minecraft:spruce_stairs":47,"minecraft:porkchop":7,"tombstone:grave_dust":6,"tconstruct:sky_slime_crystal":4,"minecraft:stone_sword":1,"minecraft:lime_carpet":5,"minecraft:rotten_flesh":6,"minecraft:tropical_fish":7,"minecraft:obsidian":15,"minecraft:cobblestone":230,"minecraft:birch_log":13,"spartanweaponry:iron_warhammer":1,"spartanweaponry:handle":6,"minecraft:repeater":2,"minecraft:iron_door":2,"minecraft:water_bucket":1,"minecraft:andesite":218,"biomesoplenty:stripped_redwood_log":3,"minecraft:flint":4,"minecraft:dirt":195,"minecraft:lantern":2,"minecraft:glass":16,"minecraft:bone":24,"minecraft:bow":1,"tconstruct:rose_gold_block":1,"minecraft:wheat_seeds":13,"minecraft:raw_gold":3,"tconstruct:blank_sand_cast":14,"minecraft:glowstone_dust":3,"minecraft:moss_block":2,"minecraft:axolotl_bucket":1,"justhammers:iron_hammer":2,"minecraft:sand":169,"minecraft:stripped_spruce_log":28,"minecraft:acacia_stairs":1,"minecraft:dark_oak_log":6,"minecraft:red_terracotta":1,"minecraft:barrel":1,"minecraft:bundle":1,"minecraft:diamond":22,"waystones:waystone":2,"minecraft:bone_meal":1,"twilightforest:spruce_banister":15,"minecraft:white_concrete":188,"minecraft:spruce_sign":1,"minecraft:bread":2,"minecraft:oak_sapling":2,"minecraft:diamond_pickaxe":1,"biomesoplenty:redwood_log":223,"minecraft:crafting_table":19,"minecraft:ladder":58,"biomesoplenty:flesh":3,"tconstruct:materials_and_you":1,"minecraft:wooden_pickaxe":2,"twilightforest:birch_banister":9,"minecraft:shield":1,"minecraft:moss_carpet":6,"minecraft:iron_shovel":2,"botania:magenta_mystical_flower":4,"botania:pure_daisy":3,"minecraft:beef":8,"minecraft:oak_boat":1,"minecraft:spruce_slab":2,"minecraft:poppy":6,"minecraft:minecart":1,"minecraft:spruce_trapdoor":2,"minecraft:egg":1,"minecraft:raw_iron":79,"minecraft:polished_deepslate_slab":1,"minecraft:spruce_fence":27,"minecraft:white_dye":6,"minecraft:carrot":2,"minecraft:redstone":19,"minecraft:prismarine_crystals":15,"biomesoplenty:redwood_planks":16,"tconstruct:sky_slime_ball":37,"minecraft:arrow":35,"tconstruct:grout":7,"minecraft:hay_block":41,"minecraft:glow_berries":2,"minecraft:mutton":4,"botania:magenta_double_flower":2,"minecraft:rail":2,"minecraft:skeleton_skull":4,"minecraft:white_wool":3,"minecraft:oxeye_daisy":1,"minecraft:leather":5,"minecraft:filled_map":5,"tconstruct:seared_fuel_tank":2,"botania:light_gray_mushroom":1,"tconstruct:seared_chute":1,"minecraft:oak_log":61,"minecraft:yellow_bed":3,"minecraft:gunpowder":2,"tconstruct:sky_slime_crystal_block":2,"tconstruct:seared_brick":9,"tconstruct:seared_heater":1,"minecraft:apple":1,"minecraft:stone_bricks":33,"minecraft:spruce_wood":4,"minecraft:iron_ingot":5,"minecraft:stone_pickaxe":1,"minecraft:flowering_azalea":1,"minecraft:book":1,"minecraft:scaffolding":1,"spartanweaponry:iron_scythe":1,"minecraft:chiseled_stone_bricks":4,"minecraft:stone_brick_slab":6,"minecraft:dandelion":1,"minecraft:gravel":68,"minecraft:amethyst_shard":4,"minecraft:spruce_sapling":14,"minecraft:white_bed":4,"minecraft:spruce_log":362,"justhammers:diamond_hammer":1,"minecraft:mossy_stone_brick_slab":1,"minecraft:spruce_door":2,"biomesoplenty:redwood_stairs":80,"minecraft:white_concrete_powder":60,"minecraft:stone_axe":1,"tconstruct:seared_melter":1,"tombstone:magic_scroll":1,"minecraft:melon_seeds":1,"minecraft:brown_banner":1,"minecraft:black_wool":2,"minecraft:coal":36,"minecraft:ender_pearl":1},"minecraft:custom":{"minecraft:interact_with_crafting_table":78,"minecraft:open_barrel":5,"minecraft:eat_cake_slice":8,"minecraft:leave_game":6,"minecraft:time_since_death":269441,"minecraft:sprint_one_cm":719243,"minecraft:damage_blocked_by_shield":1720,"minecraft:drop":132,"minecraft:play_noteblock":1,"minecraft:talked_to_villager":1,"minecraft:play_time":365111,"minecraft:deaths":5,"minecraft:jump":5964,"minecraft:walk_on_water_one_cm":48450,"minecraft:interact_with_furnace":65,"minecraft:sleep_in_bed":9,"minecraft:waystone_activated":5,"minecraft:damage_dealt":15477,"minecraft:crouch_one_cm":151716,"tombstone:undead_killed":55,"minecraft:horse_one_cm":111675,"minecraft:mob_kills":84,"minecraft:climb_one_cm":21781,"minecraft:walk_one_cm":1152458,"minecraft:sneak_time":43043,"minecraft:walk_under_water_one_cm":47827,"minecraft:interact_with_blast_furnace":4,"minecraft:total_world_time":365111,"minecraft:time_since_rest":41512,"minecraft:damage_taken":6784,"minecraft:minecart_one_cm":1335,"minecraft:swim_one_cm":37823,"minecraft:fly_one_cm":871715,"minecraft:open_chest":157,"minecraft:fall_one_cm":171021},"minecraft:killed":{"minecraft:spider":5,"tconstruct:sky_slime":4,"minecraft:skeleton":34,"minecraft:magma_cube":1,"minecraft:pig":3,"minecraft:zombie_villager":1,"minecraft:creeper":4,"minecraft:sheep":4,"minecraft:zombie":20,"minecraft:cow":3},"minecraft:dropped":{"minecraft:porkchop":3,"minecraft:oak_log":6,"minecraft:glow_berries":2,"minecraft:lantern":1,"minecraft:leather":4,"minecraft:flint":2,"minecraft:dirt":7,"minecraft:dark_oak_log":5,"minecraft:bone_meal":1,"minecraft:sand":36,"minecraft:white_wool":2,"minecraft:gold_ingot":9,"minecraft:bone":14,"minecraft:gravel":6,"minecraft:stone_axe":1,"minecraft:cobbled_deepslate":66,"minecraft:rotten_flesh":4,"minecraft:oak_planks":7,"minecraft:glowstone_dust":3,"minecraft:mossy_stone_brick_slab":1,"justhammers:iron_hammer":2,"minecraft:carrot":1,"minecraft:chiseled_stone_bricks":4,"minecraft:poppy":4,"minecraft:azalea":1,"minecraft:arrow":20,"minecraft:beef":1,"minecraft:white_concrete_powder":1,"minecraft:stone_brick_stairs":1,"minecraft:enchanted_book":1,"minecraft:iron_ingot":14,"spartanweaponry:handle":3,"minecraft:wheat_seeds":11,"botania:magenta_double_flower":2,"minecraft:iron_helmet":1,"minecraft:cobblestone":62,"minecraft:book":1,"minecraft:apple":1,"minecraft:tropical_fish":7,"minecraft:stick":21,"botania:manasteel_chestplate":2,"minecraft:white_concrete":1,"minecraft:rose_bush":1,"minecraft:zombie_head":2,"minecraft:map":3,"tombstone:grave_dust":1,"minecraft:iron_leggings":1,"minecraft:flowering_azalea":1,"minecraft:bucket":1,"minecraft:stone_brick_slab":6,"minecraft:stone_sword":1,"minecraft:raw_copper":26,"tconstruct:blank_sand_cast":8,"spartanweaponry:iron_scythe":1,"minecraft:raw_iron":19,"tconstruct:earth_slime_dirt":1,"biomesoplenty:redwood_planks":10,"minecraft:iron_boots":1,"minecraft:spruce_fence":23,"minecraft:red_terracotta":1,"minecraft:lily_of_the_valley":1,"minecraft:filled_map":7,"minecraft:big_dripleaf":1,"botania:pure_daisy":3,"minecraft:diamond_pickaxe":1,"minecraft:andesite":162,"minecraft:oak_sapling":1,"minecraft:stone_bricks":4,"minecraft:light_gray_dye":1,"minecraft:bow":1,"minecraft:stone_pickaxe":2,"minecraft:wooden_pickaxe":3,"minecraft:black_wool":1},"minecraft:mined":{"minecraft:spruce_planks":28,"minecraft:white_bed":4,"tconstruct:sky_slime_crystal_block":2,"biomesoplenty:stripped_redwood_log":5,"minecraft:obsidian":1,"minecraft:spruce_trapdoor":2,"minecraft:cave_vines_plant":1,"minecraft:grass_block":107,"minecraft:white_concrete":190,"minecraft:coal_block":8,"tconstruct:small_sky_slime_crystal_bud":1,"minecraft:oxeye_daisy":2,"minecraft:chiseled_stone_bricks":2,"minecraft:spawner":2,"biomesoplenty:tall_lavender":3,"minecraft:glowstone":1,"botania:light_gray_mushroom":1,"minecraft:iron_ore":48,"minecraft:cobbled_deepslate":9,"minecraft:fire":1,"minecraft:barrel":1,"biomesoplenty:lavender":7,"biomesoplenty:redwood_log":230,"minecraft:spruce_wood":4,"minecraft:azalea":1,"tconstruct:sky_slime_dirt":1,"minecraft:spruce_slab":3,"minecraft:tripwire":3,"minecraft:deepslate_redstone_ore":4,"minecraft:cyan_terracotta":1,"minecraft:blackstone":3,"minecraft:amethyst_cluster":3,"minecraft:torch":2,"minecraft:calcite":49,"minecraft:poppy":1,"minecraft:iron_door":2,"minecraft:wall_torch":4,"minecraft:spruce_sign":1,"minecraft:amethyst_block":1,"minecraft:skeleton_skull":1,"tconstruct:budding_sky_slime_crystal":1,"minecraft:light_gray_stained_glass":4,"minecraft:birch_log":16,"tconstruct:earth_slime_dirt":2,"minecraft:grass":27,"biomesoplenty:clover":1,"minecraft:oak_log":61,"minecraft:acacia_fence":1,"minecraft:sand":83,"minecraft:dirt":80,"minecraft:dispenser":1,"minecraft:oak_leaves":19,"botania:magenta_double_flower":1,"minecraft:deepslate":3,"minecraft:deepslate_diamond_ore":12,"twilightforest:birch_banister":9,"minecraft:dark_oak_log":7,"minecraft:sea_lantern":7,"minecraft:ladder":54,"biomesoplenty:bush":6,"minecraft:spruce_fence":5,"minecraft:white_stained_glass":9,"minecraft:spruce_leaves":5,"minecraft:moss_block":2,"minecraft:brown_banner":1,"twilightforest:spruce_banister":15,"minecraft:white_concrete_powder":50,"minecraft:large_fern":2,"minecraft:hay_block":42,"minecraft:black_stained_glass_pane":1,"botania:magenta_mystical_flower":4,"minecraft:spruce_sapling":1,"minecraft:furnace":2,"minecraft:acacia_stairs":1,"minecraft:andesite":6,"minecraft:stripped_spruce_log":38,"biomesoplenty:redwood_stairs":82,"biomesoplenty:sea_oats":2,"minecraft:deepslate_iron_ore":11,"minecraft:rail":2,"botania:pure_daisy":3,"minecraft:stone":53,"minecraft:podzol":1,"tconstruct:sky_slime_tall_grass":1,"biomesoplenty:redwood_planks":6,"minecraft:flowering_azalea":1,"minecraft:redstone_block":1,"minecraft:glass_pane":1,"minecraft:stone_brick_slab":2,"minecraft:spruce_door":2,"minecraft:dandelion":1,"minecraft:crafting_table":17,"minecraft:rose_bush":1,"minecraft:copper_ore":1,"minecraft:tall_grass":8,"minecraft:big_dripleaf":1,"minecraft:spruce_stairs":48,"biomesoplenty:redwood_slab":140,"minecraft:red_terracotta":1,"minecraft:spruce_log":355,"minecraft:birch_leaves":1,"minecraft:yellow_bed":2,"minecraft:black_wool":1,"minecraft:coal_ore":18,"biomesoplenty:redwood_leaves":3,"minecraft:gravel":75,"minecraft:stone_bricks":18,"minecraft:fern":4,"tconstruct:sky_congealed_slime":9},"minecraft:crafted":{"minecraft:oak_planks":28,"spartanweaponry:iron_scythe":1,"minecraft:birch_slab":12,"biomesoplenty:redwood_slab":354,"minecraft:stone":6,"minecraft:cooked_mutton":4,"minecraft:glass":21,"minecraft:iron_boots":1,"minecraft:chest":12,"minecraft:cooked_porkchop":4,"minecraft:diamond_axe":1,"minecraft:crafting_table":9,"minecraft:spruce_planks":492,"minecraft:wooden_pickaxe":1,"minecraft:iron_helmet":1,"minecraft:spruce_door":3,"tconstruct:blank_sand_cast":4,"minecraft:birch_planks":52,"minecraft:spruce_trapdoor":10,"minecraft:diamond_pickaxe":1,"minecraft:shield":2,"minecraft:stick":128,"minecraft:iron_ingot":42,"minecraft:iron_pickaxe":1,"minecraft:light_gray_dye":1,"minecraft:furnace":3,"minecraft:bone_meal":6,"minecraft:spruce_fence":21,"minecraft:glass_pane":48,"minecraft:spruce_stairs":88,"minecraft:white_concrete_powder":96,"minecraft:iron_axe":3,"minecraft:spruce_slab":54,"botania:manasteel_chestplate":1,"minecraft:stone_pickaxe":1,"minecraft:diamond_boots":1,"biomesoplenty:redwood_stairs":255,"minecraft:dark_oak_planks":4,"minecraft:wheat":369,"minecraft:cooked_beef":3,"spartanweaponry:pole":4,"biomesoplenty:redwood_planks":612,"minecraft:bucket":1,"twilightforest:birch_banister":12,"minecraft:stone_axe":1,"minecraft:bread":114,"minecraft:air":0,"justhammers:iron_hammer":2,"minecraft:white_dye":6,"minecraft:iron_shovel":1,"minecraft:iron_leggings":1,"twilightforest:spruce_banister":51,"minecraft:torch":24,"minecraft:diamond_chestplate":1},"minecraft:used":{"minecraft:moss_block":2,"minecraft:iron_shovel":374,"minecraft:spruce_slab":2,"minecraft:ladder":44,"minecraft:white_concrete_powder":144,"minecraft:chest":12,"minecraft:shield":37,"minecraft:axolotl_bucket":1,"minecraft:obsidian":1,"minecraft:stripped_spruce_log":8,"minecraft:glass":3,"minecraft:lava_bucket":3,"minecraft:lantern":1,"minecraft:stone_bricks":13,"minecraft:oak_sapling":1,"minecraft:furnace":5,"minecraft:skeleton_skull":1,"minecraft:egg":1,"minecraft:spruce_door":3,"twilightforest:birch_banister":20,"minecraft:stone_pickaxe":24,"minecraft:wooden_pickaxe":11,"minecraft:diamond_axe":547,"minecraft:sand":2,"waystones:waystone":1,"minecraft:bread":112,"tombstone:familiar_stone":3,"minecraft:andesite":58,"minecraft:white_concrete":169,"spartanweaponry:iron_scythe":275,"minecraft:experience_bottle":3,"biomesoplenty:redwood_planks":10,"minecraft:spruce_planks":112,"minecraft:torch":31,"minecraft:dirt":113,"minecraft:spruce_stairs":94,"minecraft:spruce_fence":4,"biomesoplenty:redwood_log":6,"minecraft:iron_axe":754,"minecraft:iron_boots":1,"minecraft:minecart":1,"tombstone:gift":5,"minecraft:cooked_beef":3,"minecraft:cobbled_deepslate":275,"biomesoplenty:redwood_slab":432,"minecraft:calcite":46,"minecraft:cooked_mutton":4,"minecraft:water_bucket":101,"minecraft:baked_potato":1,"minecraft:spruce_sign":1,"minecraft:rail":1,"justhammers:diamond_hammer":6,"minecraft:crafting_table":23,"minecraft:white_bed":4,"minecraft:spruce_log":199,"justhammers:iron_hammer":274,"minecraft:diamond_pickaxe":207,"minecraft:black_wool":1,"minecraft:iron_pickaxe":253,"minecraft:map":2,"minecraft:spruce_trapdoor":10,"minecraft:spruce_sapling":14,"botania:manasteel_chestplate":1,"minecraft:stone_axe":70,"minecraft:cobblestone":9,"minecraft:cooked_porkchop":4,"minecraft:glass_pane":15,"minecraft:bucket":106,"tconstruct:sky_slime_crystal_block":1,"twilightforest:spruce_banister":60,"minecraft:yellow_bed":2,"biomesoplenty:redwood_stairs":289}},"DataVersion":3120}