{"stats":{"minecraft:broken":{"justhammers:stone_hammer":3,"minecraft:iron_pickaxe":4,"minecraft:iron_shovel":2,"minecraft:stone_pickaxe":2,"minecraft:stone_shovel":1,"justhammers:iron_hammer":5},"minecraft:killed_by":{"minecraft:ghast":1,"minecraft:creeper":3,"minecraft:player":1,"minecraft:enderman":1,"minecraft:iron_golem":1},"minecraft:picked_up":{"minecraft:enchanted_book":18,"botania:light_blue_mushroom":3,"minecraft:golden_sword":2,"minecraft:polished_deepslate":24,"minecraft:soul_soil":7,"minecraft:string":161,"tconstruct:smeltery_controller":4,"tconstruct:earth_slime_dirt":3,"minecraft:red_nether_bricks":2,"biomesoplenty:tall_lavender":1,"botania:manasteel_chestplate":1,"minecraft:gold_nugget":36,"minecraft:cobbled_deepslate":605,"minecraft:spruce_planks":14,"minecraft:coal_block":53,"minecraft:green_bed":2,"ironchest:gold_chest":1,"tconstruct:seared_faucet":17,"minecraft:golden_chestplate":1,"tconstruct:sky_slime_crystal":15,"minecraft:stone_sword":1,"minecraft:lime_carpet":5,"minecraft:light_gray_bed":9,"minecraft:iron_block":3,"tconstruct:earth_slime_crystal_block":7,"tconstruct:seared_fuel_gauge":1,"minecraft:blaze_rod":19,"minecraft:iron_bars":2,"biomesoplenty:lavender":1,"minecraft:magma_block":77,"spartanweaponry:iron_warhammer":2,"minecraft:feather":3,"minecraft:water_bucket":3,"minecraft:smoker":3,"ironchest:copper_chest":3,"minecraft:flint":53,"minecraft:lantern":5,"tconstruct:ichor_slime_dirt":9,"spartanweaponry:iron_rapier":1,"tconstruct:rose_gold_block":4,"tconstruct:seared_table":2,"tconstruct:blank_sand_cast":20,"minecraft:glowstone_dust":1,"tconstruct:seared_ingot_gauge":4,"minecraft:stripped_spruce_log":7,"minecraft:dark_oak_log":8,"minecraft:bundle":10,"minecraft:granite":8,"twilightforest:spruce_banister":11,"minecraft:bread":24,"minecraft:diamond_pickaxe":2,"minecraft:crafting_table":19,"minecraft:clay_ball":420,"tconstruct:materials_and_you":3,"minecraft:cornflower":1,"minecraft:flint_and_steel":1,"minecraft:iron_shovel":3,"minecraft:beef":39,"minecraft:poppy":8,"minecraft:spruce_slab":23,"minecraft:chest":2,"tconstruct:modifier_worktable":1,"minecraft:egg":1,"minecraft:stone":6,"botania:purple_mushroom":4,"minecraft:spruce_fence":2,"tconstruct:sky_slime_dirt":2,"minecraft:carrot":4,"minecraft:redstone":2,"minecraft:tnt":5,"tconstruct:sky_slime_ball":106,"minecraft:diamond_chestplate":1,"minecraft:diamond_boots":1,"minecraft:hay_block":19,"botania:blue_mystical_flower":1,"minecraft:gold_ingot":46,"botania:green_mystical_flower":4,"minecraft:mutton":36,"minecraft:white_wool":4,"minecraft:bone_block":4,"tconstruct:seared_fuel_tank":4,"minecraft:oak_log":52,"minecraft:ancient_debris":4,"botania:red_mushroom":1,"tombstone:gift":1,"tconstruct:seared_brick":321,"tconstruct:seared_heater":6,"minecraft:stone_bricks":86,"tombstone:bag_of_seeds":2,"minecraft:glass_bottle":4,"minecraft:iron_sword":1,"minecraft:gravel":303,"minecraft:spruce_sapling":4,"botania:rune_air":2,"minecraft:spruce_log":36,"justhammers:diamond_hammer":1,"spartanweaponry:iron_battle_hammer":4,"biomesoplenty:redwood_stairs":2,"tconstruct:seared_melter":5,"minecraft:baked_potato":2,"minecraft:ender_pearl":3,"tconstruct:seared_drain":2,"minecraft:nether_brick_fence":6,"minecraft:potion":1,"minecraft:stone_brick_stairs":1,"tombstone:grave_key":1,"minecraft:raw_copper":237,"minecraft:iron_leggings":1,"minecraft:zombie_head":2,"minecraft:experience_bottle":6,"biomesoplenty:redwood_slab":42,"minecraft:bucket":10,"minecraft:rose_bush":6,"minecraft:calcite":12,"minecraft:iron_boots":1,"minecraft:furnace":21,"minecraft:stick":20,"minecraft:oak_fence":6,"minecraft:torch":1,"minecraft:spruce_stairs":11,"minecraft:porkchop":48,"tombstone:grave_dust":41,"minecraft:rotten_flesh":99,"minecraft:obsidian":25,"minecraft:cobblestone":1860,"tconstruct:seared_bricks":140,"minecraft:magma_cream":5,"minecraft:lilac":8,"minecraft:repeater":6,"minecraft:andesite":1,"minecraft:potato":50,"minecraft:tuff":191,"minecraft:wither_skeleton_skull":1,"minecraft:lapis_lazuli":152,"minecraft:dirt":94,"botania:mana_diamond":4,"minecraft:glass":55,"minecraft:bone":58,"minecraft:bow":3,"minecraft:wheat_seeds":12,"minecraft:raw_gold":95,"minecraft:grindstone":1,"tconstruct:sky_congealed_slime":2,"minecraft:oak_planks":31,"minecraft:ghast_tear":1,"tconstruct:necrotic_bone":13,"minecraft:black_terracotta":4,"minecraft:axolotl_bucket":2,"minecraft:sand":437,"minecraft:grass_block":1,"minecraft:mossy_cobblestone":8,"minecraft:diamond":5,"tconstruct:seared_basin":10,"waystones:waystone":7,"minecraft:white_concrete":4,"minecraft:emerald":30,"minecraft:oak_sapling":1,"minecraft:netherrack":1412,"minecraft:cocoa_beans":6,"minecraft:chicken":6,"minecraft:ladder":9,"biomesoplenty:flesh":34,"tconstruct:sword":1,"twilightforest:birch_banister":3,"minecraft:shield":4,"tconstruct:earth_slime_crystal":24,"tconstruct:bloodshroom_log":13,"minecraft:iron_axe":1,"minecraft:blackstone":133,"minecraft:oak_boat":6,"minecraft:player_head":2,"tconstruct:dagger":2,"minecraft:light_gray_wool":6,"minecraft:sugar_cane":121,"tconstruct:raw_cobalt":26,"minecraft:raw_iron":73,"minecraft:copper_ingot":34,"tconstruct:ichor_slime_ball":48,"minecraft:stone_pressure_plate":6,"biomesoplenty:redwood_planks":92,"minecraft:arrow":89,"botania:lime_mystical_flower":1,"tconstruct:grout":287,"minecraft:nether_bricks":75,"tconstruct:tinker_station":3,"minecraft:crimson_stem":7,"tconstruct:part_builder":1,"minecraft:leather":14,"tconstruct:seared_chute":7,"minecraft:yellow_bed":2,"minecraft:gunpowder":10,"minecraft:cooked_mutton":1,"botania:yellow_mushroom":3,"tconstruct:fantastic_foundry":1,"minecraft:iron_ingot":72,"minecraft:soul_sand":5,"minecraft:book":47,"minecraft:quartz":72,"minecraft:dandelion":4,"spartanweaponry:blaze_head":16,"minecraft:lava_bucket":1,"minecraft:amethyst_shard":20,"biomesoplenty:porous_flesh":1,"biomesoplenty:rooted_sand":2,"minecraft:spider_eye":6,"biomesoplenty:bramble":1,"minecraft:white_concrete_powder":3,"minecraft:terracotta":2,"tconstruct:pattern":9,"tombstone:magic_scroll":2,"minecraft:coal":98},"minecraft:custom":{"minecraft:interact_with_crafting_table":126,"minecraft:open_barrel":17,"minecraft:leave_game":6,"minecraft:time_since_death":23247,"minecraft:damage_blocked_by_shield":5168,"minecraft:play_time":884666,"minecraft:deaths":18,"tombstone:tomb_raiding":1,"minecraft:jump":9832,"minecraft:interact_with_furnace":118,"minecraft:sleep_in_bed":19,"minecraft:waystone_activated":20,"minecraft:damage_dealt":68533,"tombstone:undead_killed":161,"minecraft:interact_with_smoker":34,"minecraft:interact_with_anvil":1,"minecraft:sneak_time":13513,"minecraft:interact_with_blast_furnace":167,"minecraft:total_world_time":884666,"tombstone:raider_killed":2,"minecraft:time_since_rest":21643,"minecraft:swim_one_cm":171141,"minecraft:fly_one_cm":2434790,"minecraft:open_chest":865,"minecraft:fall_one_cm":326175,"minecraft:sprint_one_cm":2064929,"minecraft:drop":358,"minecraft:talked_to_villager":7,"minecraft:walk_on_water_one_cm":67605,"minecraft:player_kills":4,"minecraft:crouch_one_cm":29308,"tombstone:villager_killed":2,"minecraft:mob_kills":422,"minecraft:climb_one_cm":39400,"minecraft:walk_one_cm":1820054,"minecraft:walk_under_water_one_cm":38909,"minecraft:boat_one_cm":99897,"minecraft:damage_taken":18674},"minecraft:killed":{"minecraft:cave_spider":1,"tconstruct:sky_slime":17,"minecraft:skeleton":46,"minecraft:chicken":7,"minecraft:magma_cube":66,"minecraft:iron_golem":11,"minecraft:zombie":86,"minecraft:cow":14,"minecraft:horse":3,"minecraft:enderman":5,"minecraft:zombified_piglin":16,"minecraft:witch":2,"minecraft:spider":26,"minecraft:piglin":1,"minecraft:pig":23,"minecraft:zombie_villager":1,"minecraft:creeper":7,"minecraft:sheep":25,"minecraft:ghast":3,"minecraft:blaze":45,"minecraft:bat":1,"minecraft:wither_skeleton":12,"minecraft:villager":2},"minecraft:dropped":{"tconstruct:seared_ingot_gauge":1,"minecraft:iron_sword":1,"minecraft:lapis_lazuli":64,"biomesoplenty:rooted_sand":2,"minecraft:glass_bottle":2,"minecraft:crafting_table":6,"botania:mana_diamond":2,"tconstruct:sword":1,"minecraft:emerald":18,"minecraft:dirt":49,"tconstruct:soul_glass":1,"botania:light_blue_mushroom":2,"minecraft:sand":150,"minecraft:white_wool":2,"minecraft:bone":14,"minecraft:sugar_cane":31,"minecraft:stone_axe":1,"minecraft:cobbled_deepslate":170,"minecraft:obsidian":2,"tombstone:gift":1,"minecraft:rotten_flesh":66,"minecraft:oak_planks":16,"minecraft:glowstone_dust":1,"tconstruct:seared_heater":2,"minecraft:ladder":20,"tconstruct:fantastic_foundry":2,"minecraft:spruce_slab":23,"minecraft:white_dye":6,"minecraft:red_nether_bricks":2,"minecraft:glass":32,"minecraft:beef":14,"tconstruct:bowstring":1,"minecraft:stone_brick_stairs":1,"tconstruct:seared_faucet":3,"tconstruct:dagger":4,"minecraft:egg":1,"minecraft:enchanted_book":10,"minecraft:iron_ingot":5,"minecraft:wheat_seeds":10,"biomesoplenty:redwood_slab":104,"minecraft:oak_fence":6,"minecraft:book":1,"minecraft:cobblestone":372,"minecraft:granite":1,"tconstruct:nahuatl":3,"tconstruct:seared_melter":2,"tconstruct:necrotic_bone":4,"spartanweaponry:diamond_rapier":1,"spartanweaponry:blaze_head":2,"minecraft:rose_bush":5,"tconstruct:earth_slime_crystal_block":6,"minecraft:lime_carpet":5,"twilightforest:spruce_banister":11,"minecraft:iron_shovel":3,"minecraft:string":78,"minecraft:furnace":1,"minecraft:stone_sword":2,"minecraft:cocoa_beans":9,"biomesoplenty:redwood_planks":156,"minecraft:clay_ball":64,"minecraft:nether_bricks":12,"minecraft:spruce_fence":1,"minecraft:potato":56,"minecraft:stone":6,"minecraft:spruce_planks":1,"minecraft:bundle":3,"minecraft:diamond_pickaxe":2,"minecraft:yellow_bed":2,"botania:yellow_mushroom":2,"minecraft:stone_pressure_plate":6,"minecraft:spider_eye":3,"minecraft:stone_bricks":55,"minecraft:magma_block":66,"minecraft:terracotta":2,"minecraft:diamond_axe":1,"minecraft:oak_log":17,"minecraft:ender_pearl":1,"tconstruct:seared_fuel_tank":2,"minecraft:lantern":5,"minecraft:leather":7,"botania:red_mushroom":1,"biomesoplenty:porous_flesh":1,"minecraft:flint":12,"tconstruct:materials_and_you":3,"botania:green_mystical_flower":2,"minecraft:axolotl_bucket":2,"minecraft:gold_ingot":34,"tconstruct:rose_gold_block":2,"tconstruct:pattern":1,"minecraft:gravel":5,"minecraft:blackstone":5,"minecraft:black_terracotta":4,"minecraft:cooked_mutton":3,"tconstruct:seared_chute":1,"botania:rune_air":2,"minecraft:carrot":3,"tconstruct:grout":217,"minecraft:poppy":6,"minecraft:gunpowder":6,"spartanweaponry:pole":1,"minecraft:beetroot_seeds":2,"minecraft:chest":1,"botania:blue_mystical_flower":1,"minecraft:arrow":31,"minecraft:iron_bars":6,"biomesoplenty:flesh":31,"minecraft:white_concrete_powder":2,"tconstruct:sky_slime_crystal":11,"minecraft:quartz":6,"minecraft:netherrack":539,"minecraft:water_bucket":3,"minecraft:bread":9,"justhammers:diamond_hammer":1,"spartanweaponry:handle":3,"minecraft:stripped_spruce_log":4,"minecraft:lilac":8,"minecraft:mossy_cobblestone":4,"minecraft:spruce_stairs":11,"minecraft:stick":20,"minecraft:iron_block":2,"minecraft:torch":13,"minecraft:repeater":4,"tombstone:grave_key":2,"minecraft:white_concrete":4,"minecraft:zombie_head":1,"tombstone:grave_dust":14,"biomesoplenty:redwood_stairs":9,"minecraft:iron_axe":1,"twilightforest:birch_banister":2,"minecraft:bucket":9,"minecraft:dandelion":2,"spartanweaponry:iron_battle_hammer":2,"minecraft:redstone":2,"minecraft:polished_deepslate":25,"botania:purple_mushroom":2,"minecraft:raw_copper":4,"tconstruct:seared_bricks":1,"tconstruct:blank_sand_cast":20,"minecraft:tuff":64,"minecraft:light_gray_wool":1,"minecraft:glass_pane":30,"minecraft:flint_and_steel":1,"spartanweaponry:iron_warhammer":1,"minecraft:shield":3,"minecraft:diamond_chestplate":1,"minecraft:iron_chestplate":1,"minecraft:andesite":1,"minecraft:light_gray_bed":2,"minecraft:oak_boat":2,"tconstruct:seared_brick":312,"minecraft:diamond_boots":1,"minecraft:spruce_log":39,"minecraft:wooden_pickaxe":1,"minecraft:raw_gold":6,"minecraft:calcite":6},"minecraft:mined":{"minecraft:white_bed":1,"minecraft:black_terracotta":4,"tconstruct:seared_drain":2,"minecraft:red_nether_bricks":3,"minecraft:obsidian":23,"minecraft:granite":8,"botania:light_blue_mushroom":1,"biomesoplenty:bramble":1,"tconstruct:bloodshroom_log":13,"minecraft:yellow_carpet":1,"minecraft:light_gray_bed":6,"minecraft:coal_block":53,"biomesoplenty:rooted_sand":2,"tconstruct:small_sky_slime_crystal_bud":1,"minecraft:nether_wart":1,"ironchest:copper_chest":2,"biomesoplenty:tall_lavender":1,"minecraft:magma_block":10,"minecraft:cobbled_deepslate":20,"minecraft:fire":10,"ironchest:gold_chest":1,"tconstruct:cobalt_ore":17,"tconstruct:ichor_slime_dirt":10,"tconstruct:seared_melter":4,"minecraft:dirt_path":1,"minecraft:oak_stairs":2,"minecraft:small_amethyst_bud":1,"minecraft:iron_block":3,"botania:green_mystical_flower":2,"tconstruct:part_builder":1,"minecraft:smoker":3,"minecraft:amethyst_cluster":5,"minecraft:sugar_cane":12,"minecraft:amethyst_block":1,"tconstruct:seared_faucet":13,"minecraft:lilac":9,"tconstruct:earth_slime_dirt":2,"minecraft:stone_brick_stairs":4,"minecraft:grass":19,"minecraft:deepslate":334,"minecraft:dark_oak_log":8,"biomesoplenty:desert_grass":3,"botania:red_mushroom":1,"minecraft:nether_bricks":34,"tconstruct:modifier_worktable":1,"biomesoplenty:dead_grass":1,"biomesoplenty:dune_grass":1,"tconstruct:sky_slime_crystal_cluster":1,"minecraft:andesite":4,"biomesoplenty:flesh":34,"minecraft:vine":1,"botania:yellow_mushroom":1,"minecraft:bone_block":4,"biomesoplenty:porous_flesh":2,"botania:lime_mystical_flower":1,"minecraft:soul_sand":5,"minecraft:stone_brick_slab":1,"minecraft:tall_grass":7,"minecraft:copper_ore":8,"minecraft:deepslate_gold_ore":71,"tconstruct:smeltery_controller":4,"minecraft:spruce_log":24,"minecraft:birch_leaves":2,"minecraft:zombie_head":1,"minecraft:sunflower":1,"minecraft:gravel":318,"minecraft:cobweb":28,"minecraft:stone_bricks":48,"tconstruct:blood_slime_tall_grass":1,"tconstruct:sky_congealed_slime":12,"minecraft:large_amethyst_bud":2,"minecraft:spruce_planks":8,"tconstruct:tinker_station":3,"minecraft:andesite_stairs":1,"tconstruct:seared_bricks":140,"minecraft:grass_block":18,"minecraft:soul_soil":7,"biomesoplenty:pus_bubble":1,"biomesoplenty:blackstone_bulb":1,"tconstruct:seared_table":3,"tconstruct:seared_ingot_gauge":1,"minecraft:iron_ore":21,"tconstruct:seared_fuel_tank":1,"tconstruct:sky_slime_dirt":1,"spartanweaponry:blaze_wall_head":4,"tconstruct:ichor_congealed_slime":18,"minecraft:green_bed":2,"tconstruct:seared_chute":7,"tconstruct:seared_fuel_gauge":1,"minecraft:blackstone":118,"minecraft:medium_amethyst_bud":1,"minecraft:clay":73,"minecraft:calcite":7,"minecraft:chest":1,"minecraft:nether_quartz_ore":62,"minecraft:cobblestone":11,"botania:blue_mystical_flower":1,"minecraft:grindstone":1,"minecraft:oak_planks":1,"minecraft:light_gray_wool":1,"minecraft:tnt":5,"biomesoplenty:clover":1,"minecraft:oak_log":36,"minecraft:sand":403,"minecraft:dirt":41,"tconstruct:seared_heater":4,"minecraft:ancient_debris":4,"minecraft:dispenser":1,"minecraft:netherrack":2382,"minecraft:oak_leaves":9,"minecraft:nether_gold_ore":19,"minecraft:red_carpet":2,"minecraft:tuff":3,"minecraft:deepslate_diamond_ore":5,"minecraft:glow_lichen":2,"biomesoplenty:bush":7,"tconstruct:earth_slime_crystal_block":7,"minecraft:spruce_leaves":2,"minecraft:cracked_nether_bricks":3,"minecraft:crimson_stem":7,"minecraft:hay_block":19,"botania:purple_mushroom":1,"minecraft:furnace":20,"minecraft:stripped_spruce_log":6,"biomesoplenty:sea_oats":3,"minecraft:bookshelf":15,"minecraft:deepslate_iron_ore":24,"tconstruct:blood_slime_leaves":1,"minecraft:stripped_oak_log":3,"minecraft:stone":832,"minecraft:oak_fence":12,"minecraft:crafting_table":11,"tconstruct:earth_slime_crystal_cluster":3,"tconstruct:seared_basin":9,"minecraft:rose_bush":4,"biomesoplenty:sprout":3,"minecraft:lapis_ore":6,"minecraft:spruce_stairs":3,"minecraft:coal_ore":53,"minecraft:terracotta":2},"minecraft:crafted":{"minecraft:smooth_stone":6,"tconstruct:bow_limb_sand_cast":1,"tconstruct:fantastic_foundry":2,"tconstruct:hammer_head_sand_cast":3,"tconstruct:broad_blade":1,"tconstruct:pick_head":2,"minecraft:cooked_mutton":16,"tconstruct:seared_melter":1,"minecraft:glass":5,"tconstruct:plate_chestplate":3,"tconstruct:tough_handle":1,"spartanweaponry:iron_longsword":1,"tconstruct:maille_sand_cast":4,"tconstruct:crossbow":1,"tconstruct:chestplate_plating_sand_cast":1,"minecraft:cooked_porkchop":38,"tconstruct:modifier_worktable":1,"tconstruct:blank_sand_cast":26,"tconstruct:tool_handle":5,"minecraft:copper_ingot":97,"tconstruct:broad_axe_head_sand_cast":1,"tconstruct:plate_leggings":3,"minecraft:light_gray_bed":1,"tconstruct:sword":5,"tconstruct:leggings_plating_sand_cast":1,"tconstruct:plate_boots":3,"tconstruct:dagger":5,"minecraft:iron_pickaxe":3,"minecraft:iron_block":2,"minecraft:gold_ingot":41,"tconstruct:large_plate":1,"tconstruct:bow_limb":4,"tconstruct:seared_chute":1,"minecraft:stone_shovel":1,"tconstruct:part_builder":2,"tconstruct:seared_basin":1,"minecraft:bone_meal":6,"tconstruct:tinker_station":1,"minecraft:stone_pickaxe":1,"minecraft:dark_oak_planks":32,"tconstruct:bowstring":3,"minecraft:wheat":171,"ironchest:gold_chest":1,"tconstruct:nether_grout":2,"tconstruct:tinkers_anvil":1,"tconstruct:part_chest":1,"tconstruct:seared_heater":1,"minecraft:iron_shovel":3,"minecraft:iron_leggings":1,"tconstruct:boots_plating_sand_cast":1,"tconstruct:longbow":1,"tconstruct:gem_sand_cast":1,"tconstruct:grout":584,"tconstruct:cast_chest":1,"minecraft:oak_planks":216,"tconstruct:large_plate_sand_cast":1,"spartanweaponry:iron_scythe":1,"tconstruct:puny_smelting":2,"tconstruct:shield_core":2,"minecraft:cooked_chicken":5,"minecraft:stone":71,"tconstruct:tool_binding":1,"tconstruct:seared_brick":502,"minecraft:chest":8,"tconstruct:seared_fuel_tank":1,"minecraft:smoker":1,"tconstruct:small_blade":4,"tconstruct:plate_helmet":3,"minecraft:crafting_table":3,"minecraft:spruce_planks":64,"minecraft:wooden_pickaxe":1,"spartanweaponry:iron_rapier":4,"tconstruct:sky_slime_crystal":2,"minecraft:iron_chestplate":1,"minecraft:charcoal":13,"minecraft:shield":2,"minecraft:stick":76,"minecraft:iron_ingot":85,"minecraft:stone_sword":1,"tconstruct:seared_bricks":66,"tconstruct:broad_blade_sand_cast":1,"tconstruct:seared_fuel_gauge":2,"tconstruct:pattern":42,"tconstruct:round_plate":1,"minecraft:furnace":6,"minecraft:blast_furnace":2,"tconstruct:ingot_sand_cast":1,"minecraft:iron_axe":1,"minecraft:iron_hoe":1,"minecraft:slime_ball":8,"tconstruct:seared_table":1,"tconstruct:earth_congealed_slime":2,"minecraft:cooked_beef":56,"minecraft:crimson_planks":48,"tconstruct:helmet_plating_sand_cast":2,"tconstruct:bow_grip":3,"spartanweaponry:handle":4,"ironchest:copper_chest":1,"minecraft:bucket":8,"minecraft:stone_axe":1,"tconstruct:seared_drain":1,"minecraft:air":0,"tconstruct:pickadze":3,"tconstruct:sky_congealed_slime":4,"minecraft:bread":57,"minecraft:oak_boat":1,"tconstruct:seared_ingot_gauge":1,"justhammers:iron_hammer":7,"justhammers:stone_hammer":3,"minecraft:white_dye":6,"tconstruct:crafting_station":1,"tconstruct:bow_grip_sand_cast":1,"tconstruct:seared_faucet":3,"ironchest:iron_chest":3,"tconstruct:sledge_hammer":2},"minecraft:used":{"minecraft:chest":2,"minecraft:stone":5,"tconstruct:sword":426,"tconstruct:sledge_hammer":2,"ironchest:iron_chest":2,"spartanweaponry:iron_longsword":2,"minecraft:lava_bucket":1,"tconstruct:ichor_slime_dirt":1,"tconstruct:seared_faucet":15,"tconstruct:tinkers_anvil":1,"minecraft:furnace":7,"minecraft:damaged_anvil":1,"minecraft:blackstone":24,"minecraft:wooden_pickaxe":57,"minecraft:blast_furnace":4,"minecraft:coal_block":13,"minecraft:oak_boat":4,"minecraft:stone_sword":28,"minecraft:netherrack":460,"tconstruct:seared_drain":3,"tconstruct:seared_heater":4,"minecraft:iron_axe":132,"tconstruct:cast_chest":1,"biomesoplenty:blood_bucket":27,"tombstone:gift":6,"tconstruct:nahuatl":1,"minecraft:cobbled_deepslate":15,"minecraft:water_bucket":87,"minecraft:bundle":2,"minecraft:mossy_cobblestone":4,"minecraft:crafting_table":12,"justhammers:iron_hammer":690,"minecraft:diamond_pickaxe":68,"tconstruct:seared_table":2,"tconstruct:part_chest":1,"minecraft:iron_pickaxe":999,"tombstone:magic_scroll":6,"minecraft:cobblestone":265,"tconstruct:seared_melter":4,"minecraft:cooked_porkchop":38,"minecraft:porkchop":1,"minecraft:iron_shovel":529,"minecraft:shield":79,"minecraft:iron_sword":17,"tconstruct:seared_fuel_tank":1,"minecraft:milk_bucket":1,"tconstruct:earth_slime_crystal_block":1,"tconstruct:crossbow":13,"tconstruct:seared_fuel_gauge":2,"tconstruct:smeltery_controller":5,"minecraft:stone_pickaxe":171,"minecraft:oak_planks":58,"ironchest:copper_chest":3,"waystones:waystone":6,"minecraft:bread":126,"minecraft:grindstone":1,"tconstruct:crafting_station":1,"spartanweaponry:iron_scythe":104,"tconstruct:plate_shield":21,"minecraft:experience_bottle":6,"tconstruct:longbow":26,"minecraft:stone_shovel":132,"minecraft:spruce_planks":81,"minecraft:cooked_chicken":5,"tconstruct:seared_ingot_gauge":1,"minecraft:dirt":78,"tconstruct:seared_bricks":194,"spartanweaponry:blaze_head":4,"minecraft:iron_hoe":8,"minecraft:dark_oak_planks":32,"tconstruct:tinker_station":3,"spartanweaponry:iron_rapier":423,"minecraft:light_gray_wool":2,"tconstruct:pickadze":22,"ironchest:gold_chest":2,"minecraft:cooked_beef":56,"tconstruct:part_builder":3,"minecraft:light_gray_bed":7,"minecraft:cooked_mutton":15,"tconstruct:modifier_worktable":2,"minecraft:green_bed":1,"tconstruct:seared_basin":11,"tconstruct:seared_chute":6,"minecraft:smoker":4,"tombstone:bag_of_seeds":2,"minecraft:apple":1,"justhammers:stone_hammer":257,"minecraft:stone_axe":129,"minecraft:bucket":131}},"DataVersion":3120}