{"stats":{"minecraft:picked_up":{"minecraft:lilac":8,"minecraft:rotten_flesh":2,"minecraft:wheat_seeds":1,"minecraft:oak_log":1},"minecraft:custom":{"minecraft:time_since_rest":2512,"minecraft:open_chest":1,"minecraft:crouch_one_cm":21,"minecraft:play_time":2512,"minecraft:sprint_one_cm":12070,"minecraft:walk_one_cm":12361,"minecraft:sneak_time":17,"minecraft:walk_under_water_one_cm":43,"minecraft:jump":56,"minecraft:damage_dealt":10,"minecraft:leave_game":1,"minecraft:time_since_death":2512,"minecraft:walk_on_water_one_cm":393,"minecraft:total_world_time":2512,"minecraft:swim_one_cm":5977,"minecraft:fall_one_cm":2057,"minecraft:fly_one_cm":9714},"minecraft:mined":{"minecraft:grass":6,"biomesoplenty:bush":5,"minecraft:oak_log":1,"minecraft:lilac":8,"minecraft:oak_leaves":2}},"DataVersion":3120}