{"stats":{"minecraft:broken":{"minecraft:iron_shovel":2,"minecraft:stone_pickaxe":2,"minecraft:stone_shovel":1,"minecraft:iron_pickaxe":1},"minecraft:killed_by":{"minecraft:creeper":3,"minecraft:player":1,"minecraft:enderman":1,"minecraft:iron_golem":1},"minecraft:picked_up":{"tconstruct:seared_drain":2,"minecraft:enchanted_book":9,"minecraft:stone_brick_stairs":1,"tombstone:grave_key":1,"botania:light_blue_mushroom":2,"minecraft:polished_deepslate":24,"minecraft:string":124,"tconstruct:smeltery_controller":4,"tconstruct:earth_slime_dirt":3,"minecraft:raw_copper":237,"minecraft:iron_leggings":1,"biomesoplenty:tall_lavender":1,"minecraft:experience_bottle":6,"minecraft:zombie_head":2,"botania:manasteel_chestplate":1,"minecraft:cobbled_deepslate":128,"minecraft:bucket":6,"minecraft:spruce_planks":4,"minecraft:calcite":12,"minecraft:iron_boots":1,"minecraft:furnace":5,"minecraft:stick":8,"minecraft:oak_fence":6,"minecraft:porkchop":25,"ironchest:gold_chest":1,"tconstruct:seared_faucet":15,"tombstone:grave_dust":24,"tconstruct:sky_slime_crystal":15,"minecraft:light_gray_bed":7,"minecraft:rotten_flesh":57,"minecraft:iron_block":2,"tconstruct:earth_slime_crystal_block":7,"tconstruct:seared_fuel_gauge":1,"minecraft:iron_bars":2,"minecraft:cobblestone":455,"biomesoplenty:lavender":1,"tconstruct:seared_bricks":140,"spartanweaponry:iron_warhammer":2,"minecraft:lilac":8,"minecraft:repeater":4,"minecraft:water_bucket":1,"minecraft:andesite":1,"minecraft:potato":28,"ironchest:copper_chest":3,"minecraft:flint":53,"minecraft:tuff":64,"minecraft:lapis_lazuli":128,"minecraft:dirt":74,"spartanweaponry:iron_rapier":1,"botania:mana_diamond":4,"minecraft:glass":39,"minecraft:bone":38,"minecraft:bow":1,"minecraft:wheat_seeds":9,"tconstruct:rose_gold_block":4,"minecraft:raw_gold":52,"minecraft:grindstone":1,"tconstruct:sky_congealed_slime":2,"tconstruct:blank_sand_cast":10,"tconstruct:seared_table":2,"minecraft:oak_planks":23,"tconstruct:seared_ingot_gauge":3,"minecraft:axolotl_bucket":1,"minecraft:sand":437,"minecraft:stripped_spruce_log":4,"minecraft:dark_oak_log":8,"minecraft:mossy_cobblestone":8,"minecraft:bundle":7,"tconstruct:seared_basin":10,"waystones:waystone":5,"minecraft:white_concrete":3,"minecraft:emerald":20,"minecraft:bread":7,"minecraft:crafting_table":10,"minecraft:ladder":9,"minecraft:clay_ball":356,"biomesoplenty:flesh":6,"tconstruct:materials_and_you":2,"twilightforest:birch_banister":2,"minecraft:shield":1,"tconstruct:earth_slime_crystal":24,"minecraft:cornflower":1,"minecraft:iron_axe":1,"minecraft:iron_shovel":1,"minecraft:beef":21,"minecraft:oak_boat":6,"minecraft:player_head":2,"tconstruct:dagger":2,"minecraft:poppy":2,"minecraft:light_gray_wool":6,"minecraft:sugar_cane":91,"minecraft:chest":2,"tconstruct:modifier_worktable":1,"minecraft:egg":1,"minecraft:raw_iron":27,"minecraft:stone":6,"minecraft:copper_ingot":34,"botania:purple_mushroom":2,"minecraft:spruce_fence":2,"tconstruct:sky_slime_dirt":2,"minecraft:redstone":1,"minecraft:carrot":3,"minecraft:stone_pressure_plate":1,"minecraft:tnt":5,"tconstruct:sky_slime_ball":104,"minecraft:arrow":44,"botania:lime_mystical_flower":1,"tconstruct:grout":266,"tconstruct:tinker_station":3,"minecraft:hay_block":12,"botania:blue_mystical_flower":1,"minecraft:gold_ingot":21,"botania:green_mystical_flower":4,"minecraft:mutton":6,"tconstruct:part_builder":1,"minecraft:leather":3,"tconstruct:seared_fuel_tank":4,"tconstruct:seared_chute":7,"minecraft:oak_log":35,"minecraft:yellow_bed":1,"minecraft:gunpowder":5,"botania:red_mushroom":1,"tombstone:gift":1,"tconstruct:seared_brick":285,"botania:yellow_mushroom":3,"minecraft:cooked_mutton":1,"tconstruct:seared_heater":5,"minecraft:stone_bricks":70,"minecraft:iron_ingot":33,"minecraft:iron_sword":1,"minecraft:book":46,"minecraft:dandelion":4,"minecraft:gravel":303,"biomesoplenty:rooted_sand":2,"minecraft:spruce_sapling":4,"minecraft:spruce_log":35,"botania:rune_air":2,"minecraft:spider_eye":6,"spartanweaponry:iron_battle_hammer":2,"minecraft:white_concrete_powder":3,"tconstruct:seared_melter":4,"tconstruct:pattern":9,"minecraft:baked_potato":2,"tombstone:magic_scroll":2,"minecraft:coal":28,"minecraft:ender_pearl":2},"minecraft:custom":{"minecraft:interact_with_crafting_table":98,"minecraft:open_barrel":8,"minecraft:leave_game":3,"minecraft:time_since_death":19469,"minecraft:sprint_one_cm":975173,"minecraft:damage_blocked_by_shield":3285,"minecraft:drop":186,"minecraft:talked_to_villager":5,"minecraft:play_time":462942,"minecraft:deaths":9,"minecraft:jump":4826,"minecraft:walk_on_water_one_cm":28134,"minecraft:interact_with_furnace":93,"minecraft:sleep_in_bed":12,"minecraft:waystone_activated":12,"minecraft:damage_dealt":26473,"minecraft:player_kills":1,"minecraft:crouch_one_cm":2820,"tombstone:undead_killed":80,"tombstone:villager_killed":1,"minecraft:mob_kills":143,"minecraft:climb_one_cm":29220,"minecraft:walk_one_cm":879195,"minecraft:sneak_time":2516,"minecraft:walk_under_water_one_cm":7096,"minecraft:boat_one_cm":99897,"minecraft:interact_with_blast_furnace":151,"minecraft:total_world_time":462942,"minecraft:time_since_rest":19114,"minecraft:damage_taken":8381,"minecraft:swim_one_cm":80874,"minecraft:fly_one_cm":1058449,"minecraft:open_chest":458,"minecraft:fall_one_cm":148635},"minecraft:killed":{"minecraft:cave_spider":1,"minecraft:spider":22,"tconstruct:sky_slime":11,"minecraft:skeleton":23,"minecraft:pig":11,"minecraft:zombie_villager":1,"minecraft:iron_golem":3,"minecraft:creeper":4,"minecraft:sheep":4,"minecraft:zombie":56,"minecraft:cow":4,"minecraft:bat":1,"minecraft:villager":1,"minecraft:enderman":1},"minecraft:dropped":{"tconstruct:seared_ingot_gauge":1,"minecraft:iron_sword":1,"minecraft:lapis_lazuli":64,"biomesoplenty:rooted_sand":2,"minecraft:ender_pearl":1,"minecraft:crafting_table":3,"tconstruct:seared_fuel_tank":2,"minecraft:leather":1,"botania:red_mushroom":1,"botania:mana_diamond":2,"minecraft:flint":12,"minecraft:emerald":18,"minecraft:dirt":12,"tconstruct:materials_and_you":2,"botania:green_mystical_flower":2,"botania:light_blue_mushroom":1,"minecraft:axolotl_bucket":1,"minecraft:sand":86,"tconstruct:rose_gold_block":2,"minecraft:gold_ingot":23,"minecraft:bone":12,"minecraft:gravel":5,"tconstruct:pattern":1,"minecraft:stone_axe":1,"minecraft:sugar_cane":31,"minecraft:cobbled_deepslate":1,"minecraft:rotten_flesh":52,"minecraft:oak_planks":16,"botania:rune_air":2,"minecraft:carrot":2,"tconstruct:grout":89,"minecraft:gunpowder":4,"tconstruct:seared_heater":1,"minecraft:ladder":6,"minecraft:chest":1,"botania:blue_mystical_flower":1,"minecraft:white_dye":6,"minecraft:glass":16,"minecraft:iron_bars":6,"minecraft:arrow":21,"minecraft:beef":14,"biomesoplenty:flesh":3,"minecraft:stone_brick_stairs":1,"minecraft:white_concrete_powder":2,"tconstruct:sky_slime_crystal":11,"tconstruct:bowstring":1,"tconstruct:seared_faucet":2,"tconstruct:dagger":3,"minecraft:egg":1,"minecraft:water_bucket":1,"minecraft:enchanted_book":7,"minecraft:iron_ingot":2,"minecraft:bread":8,"spartanweaponry:handle":3,"minecraft:stripped_spruce_log":2,"minecraft:wheat_seeds":8,"minecraft:lilac":8,"minecraft:mossy_cobblestone":4,"minecraft:oak_fence":6,"minecraft:cobblestone":180,"minecraft:stick":7,"minecraft:iron_block":2,"tconstruct:seared_melter":1,"minecraft:repeater":2,"tombstone:grave_key":2,"minecraft:white_concrete":3,"tconstruct:earth_slime_crystal_block":6,"minecraft:zombie_head":1,"tombstone:grave_dust":10,"minecraft:iron_axe":1,"minecraft:iron_shovel":1,"minecraft:string":78,"twilightforest:birch_banister":1,"minecraft:bucket":5,"spartanweaponry:iron_battle_hammer":1,"minecraft:dandelion":2,"minecraft:redstone":1,"minecraft:polished_deepslate":16,"minecraft:furnace":1,"botania:purple_mushroom":1,"minecraft:stone_sword":1,"minecraft:raw_copper":4,"tconstruct:seared_bricks":1,"tconstruct:blank_sand_cast":10,"minecraft:light_gray_wool":1,"minecraft:spruce_fence":1,"minecraft:potato":45,"minecraft:stone":6,"minecraft:shield":1,"minecraft:bundle":2,"minecraft:iron_chestplate":1,"minecraft:andesite":1,"minecraft:yellow_bed":1,"minecraft:light_gray_bed":1,"botania:yellow_mushroom":2,"minecraft:oak_boat":2,"tconstruct:seared_brick":184,"minecraft:stone_pressure_plate":1,"minecraft:spider_eye":3,"minecraft:stone_bricks":39,"minecraft:spruce_log":22,"minecraft:wooden_pickaxe":1,"minecraft:raw_gold":3,"minecraft:calcite":6},"minecraft:mined":{"minecraft:white_bed":1,"tconstruct:tinker_station":3,"minecraft:andesite_stairs":1,"tconstruct:seared_drain":2,"tconstruct:seared_bricks":140,"botania:light_blue_mushroom":1,"minecraft:grass_block":12,"minecraft:yellow_carpet":1,"minecraft:light_gray_bed":6,"biomesoplenty:rooted_sand":2,"tconstruct:small_sky_slime_crystal_bud":1,"ironchest:copper_chest":2,"tconstruct:seared_table":2,"tconstruct:seared_ingot_gauge":1,"biomesoplenty:tall_lavender":1,"minecraft:iron_ore":4,"minecraft:cobbled_deepslate":20,"ironchest:gold_chest":1,"tconstruct:seared_melter":4,"tconstruct:seared_fuel_tank":1,"minecraft:dirt_path":1,"minecraft:oak_stairs":2,"tconstruct:sky_slime_dirt":1,"minecraft:iron_block":2,"botania:green_mystical_flower":2,"tconstruct:part_builder":1,"tconstruct:seared_fuel_gauge":1,"tconstruct:seared_chute":7,"minecraft:clay":73,"minecraft:calcite":7,"minecraft:chest":1,"minecraft:cobblestone":10,"botania:blue_mystical_flower":1,"minecraft:grindstone":1,"minecraft:sugar_cane":12,"minecraft:oak_planks":1,"tconstruct:seared_faucet":13,"minecraft:lilac":8,"tconstruct:earth_slime_dirt":2,"minecraft:light_gray_wool":1,"minecraft:tnt":5,"minecraft:stone_brick_stairs":4,"minecraft:grass":14,"biomesoplenty:clover":1,"minecraft:oak_log":36,"minecraft:sand":403,"minecraft:dirt":33,"tconstruct:seared_heater":4,"minecraft:oak_leaves":6,"minecraft:deepslate":29,"biomesoplenty:desert_grass":3,"minecraft:dark_oak_log":8,"botania:red_mushroom":1,"minecraft:glow_lichen":2,"tconstruct:modifier_worktable":1,"biomesoplenty:bush":7,"tconstruct:earth_slime_crystal_block":7,"minecraft:spruce_leaves":2,"biomesoplenty:dune_grass":1,"tconstruct:sky_slime_crystal_cluster":1,"minecraft:hay_block":12,"botania:purple_mushroom":1,"minecraft:furnace":4,"minecraft:andesite":4,"minecraft:stripped_spruce_log":4,"biomesoplenty:sea_oats":3,"minecraft:bookshelf":15,"minecraft:deepslate_iron_ore":4,"minecraft:vine":1,"minecraft:stripped_oak_log":3,"botania:yellow_mushroom":1,"minecraft:stone":119,"botania:lime_mystical_flower":1,"minecraft:stone_brick_slab":1,"minecraft:oak_fence":10,"minecraft:crafting_table":6,"tconstruct:earth_slime_crystal_cluster":3,"tconstruct:seared_basin":9,"minecraft:rose_bush":1,"minecraft:copper_ore":8,"minecraft:tall_grass":6,"biomesoplenty:sprout":1,"minecraft:deepslate_gold_ore":31,"minecraft:spruce_stairs":2,"tconstruct:smeltery_controller":4,"minecraft:spruce_log":24,"minecraft:coal_ore":25,"minecraft:zombie_head":1,"minecraft:gravel":318,"minecraft:cobweb":28,"minecraft:stone_bricks":40,"tconstruct:sky_congealed_slime":12},"minecraft:crafted":{"tconstruct:cast_chest":1,"minecraft:smooth_stone":6,"minecraft:oak_planks":192,"tconstruct:large_plate_sand_cast":1,"tconstruct:bow_limb_sand_cast":1,"tconstruct:puny_smelting":1,"tconstruct:shield_core":1,"tconstruct:hammer_head_sand_cast":2,"tconstruct:broad_blade":1,"tconstruct:pick_head":1,"minecraft:stone":62,"tconstruct:tool_binding":1,"minecraft:cooked_mutton":5,"tconstruct:seared_melter":1,"minecraft:glass":5,"tconstruct:seared_brick":502,"minecraft:chest":6,"tconstruct:seared_fuel_tank":1,"tconstruct:tough_handle":1,"tconstruct:small_blade":2,"tconstruct:maille_sand_cast":1,"tconstruct:crossbow":1,"tconstruct:chestplate_plating_sand_cast":1,"minecraft:cooked_porkchop":15,"minecraft:crafting_table":2,"minecraft:spruce_planks":60,"tconstruct:modifier_worktable":1,"minecraft:wooden_pickaxe":1,"tconstruct:blank_sand_cast":26,"tconstruct:tool_handle":2,"minecraft:copper_ingot":97,"spartanweaponry:iron_rapier":4,"tconstruct:broad_axe_head_sand_cast":1,"tconstruct:plate_leggings":1,"minecraft:light_gray_bed":1,"tconstruct:leggings_plating_sand_cast":1,"tconstruct:sky_slime_crystal":2,"tconstruct:dagger":2,"minecraft:iron_chestplate":1,"minecraft:shield":1,"minecraft:stick":40,"minecraft:iron_ingot":58,"minecraft:iron_pickaxe":2,"minecraft:iron_block":2,"minecraft:stone_sword":1,"minecraft:gold_ingot":41,"tconstruct:seared_bricks":66,"tconstruct:large_plate":1,"tconstruct:broad_blade_sand_cast":1,"tconstruct:seared_fuel_gauge":2,"tconstruct:pattern":36,"tconstruct:bow_limb":4,"tconstruct:seared_chute":1,"minecraft:stone_shovel":1,"tconstruct:part_builder":2,"minecraft:furnace":5,"minecraft:blast_furnace":2,"tconstruct:seared_basin":1,"minecraft:bone_meal":6,"tconstruct:tinker_station":1,"tconstruct:ingot_sand_cast":1,"minecraft:iron_axe":1,"minecraft:slime_ball":2,"tconstruct:seared_table":1,"minecraft:stone_pickaxe":1,"minecraft:dark_oak_planks":32,"tconstruct:bowstring":3,"minecraft:wheat":108,"minecraft:cooked_beef":39,"ironchest:gold_chest":1,"tconstruct:helmet_plating_sand_cast":1,"tconstruct:bow_grip":3,"tconstruct:tinkers_anvil":1,"tconstruct:part_chest":1,"spartanweaponry:handle":4,"ironchest:copper_chest":1,"minecraft:bucket":6,"minecraft:stone_axe":1,"tconstruct:seared_drain":1,"tconstruct:sky_congealed_slime":2,"minecraft:bread":36,"minecraft:air":0,"tconstruct:seared_heater":1,"minecraft:oak_boat":1,"tconstruct:seared_ingot_gauge":1,"minecraft:white_dye":6,"tconstruct:crafting_station":1,"tconstruct:bow_grip_sand_cast":1,"tconstruct:seared_faucet":3,"minecraft:iron_shovel":2,"minecraft:iron_leggings":1,"tconstruct:boots_plating_sand_cast":1,"tconstruct:longbow":1,"tconstruct:gem_sand_cast":1,"tconstruct:grout":584,"ironchest:iron_chest":1},"minecraft:used":{"minecraft:iron_shovel":500,"minecraft:chest":2,"minecraft:shield":40,"minecraft:stone":5,"minecraft:iron_sword":17,"tconstruct:seared_fuel_tank":1,"minecraft:milk_bucket":1,"tconstruct:earth_slime_crystal_block":1,"minecraft:lava_bucket":1,"tconstruct:seared_faucet":15,"tconstruct:crossbow":11,"tconstruct:tinkers_anvil":1,"tconstruct:seared_fuel_gauge":2,"minecraft:furnace":7,"tconstruct:smeltery_controller":5,"minecraft:stone_pickaxe":171,"minecraft:oak_planks":58,"minecraft:wooden_pickaxe":57,"ironchest:copper_chest":3,"minecraft:blast_furnace":4,"waystones:waystone":3,"minecraft:bread":46,"minecraft:grindstone":1,"tconstruct:crafting_station":1,"minecraft:oak_boat":4,"tconstruct:plate_shield":11,"tconstruct:longbow":5,"minecraft:experience_bottle":6,"minecraft:stone_sword":28,"minecraft:stone_shovel":132,"minecraft:spruce_planks":16,"tconstruct:seared_ingot_gauge":1,"tconstruct:seared_drain":3,"minecraft:dirt":75,"tconstruct:seared_bricks":194,"tconstruct:seared_heater":4,"minecraft:dark_oak_planks":32,"minecraft:iron_axe":37,"spartanweaponry:iron_rapier":366,"tconstruct:tinker_station":3,"minecraft:light_gray_wool":2,"tconstruct:cast_chest":1,"ironchest:gold_chest":2,"tombstone:gift":6,"minecraft:cooked_beef":29,"tconstruct:part_builder":3,"minecraft:cobbled_deepslate":15,"minecraft:light_gray_bed":6,"minecraft:cooked_mutton":1,"minecraft:water_bucket":1,"tconstruct:modifier_worktable":2,"minecraft:bundle":2,"minecraft:mossy_cobblestone":4,"minecraft:crafting_table":6,"tconstruct:seared_basin":11,"tconstruct:seared_chute":6,"tconstruct:seared_table":2,"minecraft:iron_pickaxe":322,"tconstruct:part_chest":1,"tombstone:magic_scroll":6,"minecraft:stone_axe":129,"minecraft:cobblestone":33,"tconstruct:seared_melter":4,"minecraft:porkchop":1,"minecraft:cooked_porkchop":15,"minecraft:bucket":9}},"DataVersion":3120}