{"stats":{"minecraft:broken":{"minecraft:iron_shovel":2,"minecraft:stone_pickaxe":2,"justhammers:stone_hammer":3,"minecraft:stone_shovel":1,"justhammers:iron_hammer":5,"minecraft:iron_pickaxe":4},"minecraft:killed_by":{"minecraft:ghast":1,"minecraft:creeper":3,"minecraft:player":1,"minecraft:enderman":1,"minecraft:iron_golem":1},"minecraft:picked_up":{"tconstruct:seared_drain":2,"minecraft:nether_brick_fence":6,"minecraft:enchanted_book":17,"minecraft:potion":1,"minecraft:stone_brick_stairs":1,"tombstone:grave_key":1,"botania:light_blue_mushroom":3,"minecraft:golden_sword":2,"minecraft:soul_soil":7,"minecraft:red_nether_bricks":2,"minecraft:polished_deepslate":24,"minecraft:string":161,"tconstruct:smeltery_controller":4,"tconstruct:earth_slime_dirt":3,"minecraft:raw_copper":237,"minecraft:iron_leggings":1,"biomesoplenty:tall_lavender":1,"minecraft:experience_bottle":6,"minecraft:zombie_head":2,"botania:manasteel_chestplate":1,"biomesoplenty:redwood_slab":42,"minecraft:gold_nugget":7,"minecraft:cobbled_deepslate":605,"minecraft:bucket":10,"minecraft:spruce_planks":14,"minecraft:rose_bush":6,"minecraft:calcite":12,"minecraft:coal_block":53,"minecraft:iron_boots":1,"minecraft:furnace":21,"minecraft:stick":20,"minecraft:oak_fence":6,"minecraft:spruce_stairs":10,"minecraft:porkchop":39,"tconstruct:seared_faucet":17,"ironchest:gold_chest":1,"tombstone:grave_dust":41,"minecraft:golden_chestplate":1,"tconstruct:sky_slime_crystal":15,"minecraft:stone_sword":1,"minecraft:lime_carpet":5,"minecraft:light_gray_bed":9,"minecraft:rotten_flesh":81,"minecraft:iron_block":3,"tconstruct:earth_slime_crystal_block":7,"minecraft:blaze_rod":3,"tconstruct:seared_fuel_gauge":1,"minecraft:andesite":1,"minecraft:obsidian":25,"minecraft:iron_bars":2,"minecraft:cobblestone":1859,"biomesoplenty:lavender":1,"tconstruct:seared_bricks":140,"minecraft:repeater":6,"minecraft:lilac":8,"spartanweaponry:iron_warhammer":2,"minecraft:magma_block":77,"minecraft:magma_cream":5,"minecraft:feather":3,"minecraft:water_bucket":3,"minecraft:smoker":3,"minecraft:potato":50,"ironchest:copper_chest":3,"minecraft:flint":53,"minecraft:tuff":191,"minecraft:lapis_lazuli":152,"minecraft:dirt":94,"minecraft:lantern":5,"tconstruct:ichor_slime_dirt":9,"spartanweaponry:iron_rapier":1,"botania:mana_diamond":4,"minecraft:glass":55,"minecraft:bone":56,"minecraft:bow":3,"minecraft:wheat_seeds":12,"tconstruct:rose_gold_block":4,"minecraft:raw_gold":95,"minecraft:grindstone":1,"tconstruct:sky_congealed_slime":2,"tconstruct:seared_table":2,"tconstruct:blank_sand_cast":20,"minecraft:glowstone_dust":1,"minecraft:oak_planks":31,"minecraft:ghast_tear":1,"tconstruct:necrotic_bone":7,"minecraft:black_terracotta":4,"minecraft:axolotl_bucket":2,"tconstruct:seared_ingot_gauge":4,"minecraft:sand":437,"minecraft:stripped_spruce_log":5,"minecraft:grass_block":1,"minecraft:dark_oak_log":8,"minecraft:mossy_cobblestone":8,"minecraft:bundle":9,"minecraft:diamond":5,"tconstruct:seared_basin":10,"waystones:waystone":6,"twilightforest:spruce_banister":11,"minecraft:granite":8,"minecraft:white_concrete":4,"minecraft:emerald":29,"minecraft:bread":23,"minecraft:oak_sapling":1,"minecraft:netherrack":1040,"minecraft:diamond_pickaxe":1,"minecraft:cocoa_beans":6,"minecraft:crafting_table":19,"minecraft:chicken":6,"minecraft:ladder":9,"minecraft:clay_ball":420,"biomesoplenty:flesh":34,"tconstruct:materials_and_you":3,"tconstruct:sword":1,"twilightforest:birch_banister":3,"minecraft:shield":3,"tconstruct:earth_slime_crystal":24,"tconstruct:bloodshroom_log":13,"minecraft:cornflower":1,"minecraft:iron_axe":1,"minecraft:flint_and_steel":1,"minecraft:iron_shovel":3,"minecraft:blackstone":64,"minecraft:beef":38,"minecraft:oak_boat":6,"minecraft:player_head":2,"tconstruct:dagger":2,"minecraft:poppy":8,"minecraft:light_gray_wool":6,"minecraft:spruce_slab":23,"minecraft:sugar_cane":121,"minecraft:chest":2,"minecraft:egg":1,"tconstruct:modifier_worktable":1,"minecraft:raw_iron":73,"tconstruct:raw_cobalt":17,"minecraft:stone":6,"minecraft:copper_ingot":34,"botania:purple_mushroom":4,"minecraft:spruce_fence":2,"tconstruct:sky_slime_dirt":2,"tconstruct:ichor_slime_ball":48,"minecraft:carrot":4,"minecraft:redstone":2,"minecraft:stone_pressure_plate":6,"minecraft:tnt":5,"biomesoplenty:redwood_planks":92,"tconstruct:sky_slime_ball":106,"minecraft:arrow":84,"minecraft:diamond_chestplate":1,"botania:lime_mystical_flower":1,"tconstruct:grout":287,"minecraft:nether_bricks":69,"minecraft:diamond_boots":1,"tconstruct:tinker_station":3,"minecraft:hay_block":19,"botania:blue_mystical_flower":1,"minecraft:bone_block":4,"minecraft:gold_ingot":46,"minecraft:mutton":17,"botania:green_mystical_flower":4,"minecraft:white_wool":3,"minecraft:crimson_stem":7,"tconstruct:part_builder":1,"minecraft:leather":13,"tconstruct:seared_fuel_tank":4,"tconstruct:seared_chute":7,"minecraft:oak_log":52,"minecraft:yellow_bed":2,"minecraft:gunpowder":10,"botania:red_mushroom":1,"tombstone:gift":1,"botania:yellow_mushroom":3,"tconstruct:seared_brick":321,"minecraft:cooked_mutton":1,"tconstruct:seared_heater":6,"minecraft:stone_bricks":86,"minecraft:iron_ingot":72,"tombstone:bag_of_seeds":2,"minecraft:glass_bottle":4,"minecraft:soul_sand":5,"minecraft:iron_sword":1,"minecraft:book":46,"spartanweaponry:blaze_head":3,"minecraft:quartz":72,"minecraft:dandelion":4,"minecraft:gravel":303,"minecraft:amethyst_shard":20,"biomesoplenty:rooted_sand":2,"biomesoplenty:porous_flesh":1,"minecraft:spruce_sapling":4,"botania:rune_air":2,"minecraft:spruce_log":36,"justhammers:diamond_hammer":1,"minecraft:spider_eye":6,"spartanweaponry:iron_battle_hammer":4,"biomesoplenty:redwood_stairs":2,"biomesoplenty:bramble":1,"minecraft:white_concrete_powder":3,"tconstruct:seared_melter":5,"tconstruct:pattern":9,"minecraft:terracotta":2,"minecraft:baked_potato":2,"tombstone:magic_scroll":2,"minecraft:coal":98,"minecraft:ender_pearl":3},"minecraft:custom":{"minecraft:interact_with_crafting_table":126,"minecraft:open_barrel":17,"minecraft:leave_game":5,"minecraft:time_since_death":4164,"minecraft:sprint_one_cm":1850536,"minecraft:damage_blocked_by_shield":4768,"minecraft:drop":337,"minecraft:talked_to_villager":6,"minecraft:play_time":782784,"minecraft:deaths":17,"tombstone:tomb_raiding":1,"minecraft:jump":8708,"minecraft:walk_on_water_one_cm":57541,"minecraft:interact_with_furnace":116,"minecraft:sleep_in_bed":17,"minecraft:waystone_activated":18,"minecraft:damage_dealt":57702,"minecraft:player_kills":3,"minecraft:crouch_one_cm":28217,"tombstone:undead_killed":147,"tombstone:villager_killed":2,"minecraft:interact_with_smoker":24,"minecraft:interact_with_anvil":1,"minecraft:mob_kills":356,"minecraft:climb_one_cm":39247,"minecraft:walk_one_cm":1587475,"minecraft:sneak_time":12851,"minecraft:walk_under_water_one_cm":34933,"minecraft:boat_one_cm":99897,"minecraft:interact_with_blast_furnace":161,"minecraft:total_world_time":782784,"tombstone:raider_killed":2,"minecraft:time_since_rest":3445,"minecraft:damage_taken":16006,"minecraft:swim_one_cm":133247,"minecraft:fly_one_cm":1926011,"minecraft:open_chest":746,"minecraft:fall_one_cm":280232},"minecraft:killed":{"minecraft:zombified_piglin":16,"minecraft:cave_spider":1,"minecraft:witch":2,"minecraft:spider":26,"tconstruct:sky_slime":17,"minecraft:skeleton":43,"minecraft:chicken":6,"minecraft:magma_cube":66,"minecraft:piglin":1,"minecraft:pig":18,"minecraft:zombie_villager":1,"minecraft:iron_golem":11,"minecraft:creeper":7,"minecraft:sheep":13,"minecraft:zombie":81,"minecraft:ghast":3,"minecraft:blaze":14,"minecraft:cow":13,"minecraft:horse":3,"minecraft:bat":1,"minecraft:wither_skeleton":6,"minecraft:villager":2,"minecraft:enderman":5},"minecraft:dropped":{"tconstruct:seared_ingot_gauge":1,"minecraft:iron_sword":1,"minecraft:diamond_axe":1,"minecraft:lapis_lazuli":64,"biomesoplenty:rooted_sand":2,"minecraft:oak_log":17,"minecraft:glass_bottle":2,"minecraft:ender_pearl":1,"minecraft:crafting_table":6,"tconstruct:seared_fuel_tank":2,"minecraft:lantern":5,"minecraft:leather":7,"botania:red_mushroom":1,"biomesoplenty:porous_flesh":1,"tconstruct:sword":1,"botania:mana_diamond":2,"minecraft:emerald":18,"minecraft:flint":12,"minecraft:dirt":49,"tconstruct:materials_and_you":3,"tconstruct:soul_glass":1,"botania:green_mystical_flower":2,"botania:light_blue_mushroom":2,"minecraft:axolotl_bucket":2,"minecraft:sand":150,"minecraft:white_wool":1,"tconstruct:rose_gold_block":2,"minecraft:gold_ingot":34,"minecraft:bone":14,"tconstruct:pattern":1,"minecraft:gravel":5,"minecraft:stone_axe":1,"minecraft:sugar_cane":31,"minecraft:cobbled_deepslate":170,"minecraft:obsidian":2,"tombstone:gift":1,"minecraft:black_terracotta":4,"minecraft:rotten_flesh":54,"minecraft:oak_planks":16,"minecraft:glowstone_dust":1,"tconstruct:seared_chute":1,"botania:rune_air":2,"minecraft:carrot":3,"tconstruct:grout":217,"minecraft:poppy":6,"minecraft:gunpowder":6,"spartanweaponry:pole":1,"tconstruct:seared_heater":2,"minecraft:beetroot_seeds":2,"minecraft:chest":1,"minecraft:ladder":20,"tconstruct:fantastic_foundry":1,"minecraft:red_nether_bricks":2,"botania:blue_mystical_flower":1,"minecraft:white_dye":6,"minecraft:spruce_slab":23,"minecraft:iron_bars":6,"minecraft:arrow":31,"minecraft:glass":32,"minecraft:beef":14,"minecraft:stone_brick_stairs":1,"minecraft:quartz":6,"biomesoplenty:flesh":31,"minecraft:white_concrete_powder":2,"tconstruct:sky_slime_crystal":11,"tconstruct:bowstring":1,"minecraft:netherrack":381,"tconstruct:seared_faucet":3,"tconstruct:dagger":4,"minecraft:egg":1,"minecraft:water_bucket":3,"minecraft:enchanted_book":10,"minecraft:iron_ingot":5,"minecraft:bread":8,"justhammers:diamond_hammer":1,"spartanweaponry:handle":3,"minecraft:stripped_spruce_log":2,"minecraft:wheat_seeds":10,"minecraft:lilac":8,"minecraft:mossy_cobblestone":4,"biomesoplenty:redwood_slab":104,"minecraft:oak_fence":6,"minecraft:cobblestone":372,"minecraft:granite":1,"minecraft:spruce_stairs":10,"minecraft:stick":20,"minecraft:iron_block":2,"tconstruct:seared_melter":2,"spartanweaponry:diamond_rapier":1,"minecraft:torch":12,"tombstone:grave_key":2,"minecraft:repeater":4,"tconstruct:earth_slime_crystal_block":6,"minecraft:white_concrete":4,"minecraft:rose_bush":5,"minecraft:zombie_head":1,"minecraft:lime_carpet":5,"tombstone:grave_dust":14,"biomesoplenty:redwood_stairs":9,"minecraft:iron_axe":1,"twilightforest:spruce_banister":11,"minecraft:iron_shovel":3,"minecraft:string":78,"twilightforest:birch_banister":2,"minecraft:bucket":9,"minecraft:polished_deepslate":25,"minecraft:redstone":2,"minecraft:dandelion":2,"spartanweaponry:iron_battle_hammer":2,"minecraft:furnace":1,"botania:purple_mushroom":2,"minecraft:stone_sword":2,"minecraft:cocoa_beans":9,"minecraft:raw_copper":4,"tconstruct:seared_bricks":1,"tconstruct:blank_sand_cast":20,"minecraft:tuff":64,"minecraft:light_gray_wool":1,"biomesoplenty:redwood_planks":156,"minecraft:clay_ball":64,"minecraft:nether_bricks":12,"minecraft:spruce_fence":1,"minecraft:glass_pane":30,"minecraft:flint_and_steel":1,"spartanweaponry:iron_warhammer":1,"minecraft:potato":56,"minecraft:stone":6,"minecraft:shield":3,"minecraft:diamond_chestplate":1,"minecraft:diamond_pickaxe":2,"minecraft:bundle":3,"minecraft:spruce_planks":1,"minecraft:iron_chestplate":1,"minecraft:andesite":1,"minecraft:yellow_bed":2,"minecraft:light_gray_bed":2,"botania:yellow_mushroom":2,"minecraft:oak_boat":2,"minecraft:stone_bricks":55,"minecraft:stone_pressure_plate":6,"tconstruct:seared_brick":312,"minecraft:spider_eye":3,"minecraft:diamond_boots":1,"minecraft:spruce_log":39,"minecraft:wooden_pickaxe":1,"minecraft:raw_gold":6,"minecraft:calcite":6,"minecraft:magma_block":66,"minecraft:terracotta":2},"minecraft:mined":{"minecraft:large_amethyst_bud":2,"minecraft:spruce_planks":8,"minecraft:white_bed":1,"biomesoplenty:bramble":1,"minecraft:red_nether_bricks":3,"minecraft:black_terracotta":4,"minecraft:andesite_stairs":1,"tconstruct:tinker_station":3,"tconstruct:seared_drain":2,"tconstruct:seared_bricks":140,"minecraft:obsidian":23,"minecraft:granite":8,"botania:light_blue_mushroom":1,"minecraft:yellow_carpet":1,"minecraft:grass_block":18,"tconstruct:bloodshroom_log":13,"minecraft:light_gray_bed":6,"minecraft:soul_soil":7,"minecraft:coal_block":53,"biomesoplenty:rooted_sand":2,"tconstruct:small_sky_slime_crystal_bud":1,"minecraft:nether_wart":1,"ironchest:copper_chest":2,"biomesoplenty:pus_bubble":1,"biomesoplenty:blackstone_bulb":1,"tconstruct:seared_table":2,"tconstruct:seared_ingot_gauge":1,"minecraft:magma_block":10,"biomesoplenty:tall_lavender":1,"minecraft:fire":3,"minecraft:iron_ore":21,"minecraft:cobbled_deepslate":20,"ironchest:gold_chest":1,"tconstruct:cobalt_ore":5,"tconstruct:ichor_slime_dirt":10,"tconstruct:seared_melter":4,"tconstruct:seared_fuel_tank":1,"minecraft:dirt_path":1,"minecraft:small_amethyst_bud":1,"minecraft:oak_stairs":2,"minecraft:iron_block":3,"tconstruct:sky_slime_dirt":1,"tconstruct:part_builder":1,"tconstruct:seared_fuel_gauge":1,"tconstruct:seared_chute":7,"tconstruct:ichor_congealed_slime":18,"botania:green_mystical_flower":2,"minecraft:blackstone":5,"minecraft:medium_amethyst_bud":1,"minecraft:smoker":3,"minecraft:amethyst_cluster":5,"minecraft:clay":73,"minecraft:calcite":7,"minecraft:chest":1,"minecraft:nether_quartz_ore":59,"minecraft:cobblestone":10,"minecraft:oak_planks":1,"botania:blue_mystical_flower":1,"minecraft:sugar_cane":12,"minecraft:grindstone":1,"minecraft:amethyst_block":1,"tconstruct:seared_faucet":13,"minecraft:lilac":9,"tconstruct:earth_slime_dirt":2,"minecraft:light_gray_wool":1,"minecraft:tnt":5,"minecraft:stone_brick_stairs":4,"minecraft:grass":18,"biomesoplenty:clover":1,"minecraft:oak_log":36,"minecraft:sand":403,"minecraft:dirt":41,"tconstruct:seared_heater":4,"minecraft:dispenser":1,"minecraft:netherrack":200,"minecraft:oak_leaves":9,"minecraft:deepslate":334,"minecraft:tuff":3,"minecraft:red_carpet":2,"minecraft:deepslate_diamond_ore":5,"botania:red_mushroom":1,"biomesoplenty:desert_grass":3,"minecraft:dark_oak_log":8,"minecraft:nether_bricks":34,"minecraft:glow_lichen":2,"tconstruct:modifier_worktable":1,"biomesoplenty:bush":7,"tconstruct:earth_slime_crystal_block":7,"minecraft:spruce_leaves":2,"biomesoplenty:dead_grass":1,"minecraft:cracked_nether_bricks":3,"biomesoplenty:dune_grass":1,"minecraft:crimson_stem":7,"tconstruct:sky_slime_crystal_cluster":1,"minecraft:hay_block":19,"botania:purple_mushroom":1,"minecraft:furnace":20,"minecraft:andesite":4,"minecraft:stripped_spruce_log":4,"biomesoplenty:flesh":34,"biomesoplenty:sea_oats":3,"minecraft:bookshelf":15,"minecraft:deepslate_iron_ore":24,"minecraft:vine":1,"tconstruct:blood_slime_leaves":1,"botania:yellow_mushroom":1,"minecraft:stripped_oak_log":3,"minecraft:stone":828,"minecraft:bone_block":4,"biomesoplenty:porous_flesh":2,"botania:lime_mystical_flower":1,"minecraft:soul_sand":5,"minecraft:stone_brick_slab":1,"minecraft:oak_fence":12,"minecraft:crafting_table":11,"tconstruct:earth_slime_crystal_cluster":3,"tconstruct:seared_basin":9,"minecraft:rose_bush":4,"minecraft:copper_ore":8,"minecraft:tall_grass":7,"minecraft:lapis_ore":5,"biomesoplenty:sprout":3,"minecraft:deepslate_gold_ore":71,"minecraft:spruce_stairs":2,"tconstruct:smeltery_controller":4,"minecraft:birch_leaves":2,"minecraft:spruce_log":24,"minecraft:coal_ore":53,"minecraft:zombie_head":1,"minecraft:sunflower":1,"minecraft:gravel":318,"minecraft:cobweb":28,"minecraft:terracotta":2,"tconstruct:blood_slime_tall_grass":1,"minecraft:stone_bricks":48,"tconstruct:sky_congealed_slime":12},"minecraft:crafted":{"tconstruct:cast_chest":1,"minecraft:smooth_stone":6,"minecraft:oak_planks":216,"spartanweaponry:iron_scythe":1,"tconstruct:large_plate_sand_cast":1,"tconstruct:bow_limb_sand_cast":1,"tconstruct:puny_smelting":2,"tconstruct:fantastic_foundry":2,"tconstruct:shield_core":1,"minecraft:cooked_chicken":5,"tconstruct:hammer_head_sand_cast":3,"tconstruct:broad_blade":1,"tconstruct:pick_head":2,"minecraft:stone":71,"tconstruct:tool_binding":1,"minecraft:cooked_mutton":16,"tconstruct:seared_melter":1,"minecraft:glass":5,"tconstruct:plate_chestplate":3,"tconstruct:seared_brick":502,"minecraft:chest":8,"tconstruct:seared_fuel_tank":1,"tconstruct:tough_handle":1,"minecraft:smoker":1,"tconstruct:small_blade":4,"spartanweaponry:iron_longsword":1,"tconstruct:plate_helmet":3,"tconstruct:maille_sand_cast":4,"tconstruct:chestplate_plating_sand_cast":1,"tconstruct:crossbow":1,"minecraft:cooked_porkchop":29,"minecraft:crafting_table":3,"minecraft:spruce_planks":64,"tconstruct:modifier_worktable":1,"minecraft:wooden_pickaxe":1,"tconstruct:blank_sand_cast":26,"tconstruct:tool_handle":5,"minecraft:copper_ingot":97,"spartanweaponry:iron_rapier":4,"tconstruct:broad_axe_head_sand_cast":1,"tconstruct:plate_leggings":3,"minecraft:light_gray_bed":1,"tconstruct:sword":5,"tconstruct:leggings_plating_sand_cast":1,"tconstruct:sky_slime_crystal":2,"tconstruct:plate_boots":3,"tconstruct:dagger":5,"minecraft:iron_chestplate":1,"minecraft:charcoal":13,"minecraft:shield":2,"minecraft:stick":72,"minecraft:iron_ingot":85,"minecraft:iron_pickaxe":3,"minecraft:iron_block":2,"minecraft:stone_sword":1,"minecraft:gold_ingot":41,"tconstruct:seared_bricks":66,"tconstruct:large_plate":1,"tconstruct:broad_blade_sand_cast":1,"tconstruct:seared_fuel_gauge":2,"tconstruct:pattern":36,"tconstruct:bow_limb":4,"tconstruct:seared_chute":1,"minecraft:stone_shovel":1,"tconstruct:part_builder":2,"tconstruct:round_plate":1,"minecraft:furnace":6,"minecraft:blast_furnace":2,"tconstruct:seared_basin":1,"minecraft:bone_meal":6,"tconstruct:tinker_station":1,"tconstruct:ingot_sand_cast":1,"minecraft:iron_axe":1,"minecraft:iron_hoe":1,"minecraft:slime_ball":8,"tconstruct:seared_table":1,"minecraft:stone_pickaxe":1,"tconstruct:earth_congealed_slime":2,"minecraft:dark_oak_planks":32,"minecraft:wheat":171,"tconstruct:bowstring":3,"minecraft:cooked_beef":56,"ironchest:gold_chest":1,"tconstruct:helmet_plating_sand_cast":2,"tconstruct:bow_grip":3,"tconstruct:nether_grout":2,"tconstruct:tinkers_anvil":1,"tconstruct:part_chest":1,"spartanweaponry:handle":4,"ironchest:copper_chest":1,"minecraft:bucket":8,"minecraft:stone_axe":1,"tconstruct:seared_drain":1,"tconstruct:pickadze":3,"tconstruct:sky_congealed_slime":4,"minecraft:bread":57,"minecraft:air":0,"tconstruct:seared_heater":1,"minecraft:oak_boat":1,"tconstruct:seared_ingot_gauge":1,"justhammers:iron_hammer":7,"justhammers:stone_hammer":3,"minecraft:white_dye":6,"tconstruct:crafting_station":1,"tconstruct:bow_grip_sand_cast":1,"tconstruct:seared_faucet":3,"minecraft:iron_shovel":3,"minecraft:iron_leggings":1,"tconstruct:boots_plating_sand_cast":1,"tconstruct:longbow":1,"tconstruct:gem_sand_cast":1,"tconstruct:grout":584,"ironchest:iron_chest":3,"tconstruct:sledge_hammer":2},"minecraft:used":{"minecraft:iron_shovel":529,"minecraft:chest":2,"minecraft:shield":79,"minecraft:stone":5,"minecraft:iron_sword":17,"tconstruct:seared_fuel_tank":1,"tconstruct:sword":366,"ironchest:iron_chest":2,"minecraft:milk_bucket":1,"tconstruct:earth_slime_crystal_block":1,"spartanweaponry:iron_longsword":2,"minecraft:lava_bucket":1,"tconstruct:ichor_slime_dirt":1,"tconstruct:seared_faucet":15,"tconstruct:crossbow":13,"tconstruct:tinkers_anvil":1,"tconstruct:seared_fuel_gauge":2,"minecraft:furnace":7,"minecraft:damaged_anvil":1,"tconstruct:smeltery_controller":5,"minecraft:oak_planks":58,"minecraft:stone_pickaxe":171,"minecraft:blackstone":24,"minecraft:wooden_pickaxe":57,"ironchest:copper_chest":3,"minecraft:blast_furnace":4,"waystones:waystone":5,"minecraft:bread":115,"minecraft:coal_block":13,"tconstruct:crafting_station":1,"minecraft:grindstone":1,"minecraft:oak_boat":4,"spartanweaponry:iron_scythe":32,"tconstruct:plate_shield":12,"tconstruct:longbow":24,"minecraft:experience_bottle":6,"minecraft:stone_sword":28,"minecraft:stone_shovel":132,"minecraft:spruce_planks":81,"minecraft:cooked_chicken":5,"minecraft:netherrack":349,"tconstruct:seared_ingot_gauge":1,"tconstruct:seared_drain":3,"minecraft:dirt":78,"tconstruct:seared_bricks":194,"tconstruct:seared_heater":4,"minecraft:dark_oak_planks":32,"minecraft:iron_hoe":8,"minecraft:iron_axe":126,"spartanweaponry:iron_rapier":423,"tconstruct:tinker_station":3,"minecraft:light_gray_wool":2,"tconstruct:pickadze":9,"tconstruct:cast_chest":1,"ironchest:gold_chest":2,"biomesoplenty:blood_bucket":27,"tombstone:gift":6,"minecraft:cooked_beef":45,"tconstruct:part_builder":3,"minecraft:cobbled_deepslate":15,"minecraft:light_gray_bed":7,"minecraft:cooked_mutton":9,"minecraft:water_bucket":87,"tconstruct:modifier_worktable":2,"minecraft:bundle":2,"minecraft:mossy_cobblestone":4,"minecraft:crafting_table":12,"tconstruct:seared_basin":11,"tconstruct:seared_chute":6,"justhammers:iron_hammer":690,"minecraft:smoker":4,"tombstone:bag_of_seeds":2,"minecraft:diamond_pickaxe":29,"minecraft:apple":1,"tconstruct:part_chest":1,"tombstone:magic_scroll":6,"minecraft:iron_pickaxe":999,"tconstruct:seared_table":2,"justhammers:stone_hammer":257,"minecraft:stone_axe":129,"minecraft:cobblestone":265,"tconstruct:seared_melter":4,"minecraft:porkchop":1,"minecraft:cooked_porkchop":29,"minecraft:bucket":131}},"DataVersion":3120}