{"stats":{"minecraft:used":{"minecraft:iron_shovel":517,"minecraft:chest":2,"minecraft:shield":65,"minecraft:stone":5,"minecraft:iron_sword":17,"tconstruct:seared_fuel_tank":1,"tconstruct:sword":266,"ironchest:iron_chest":1,"minecraft:milk_bucket":1,"tconstruct:earth_slime_crystal_block":1,"spartanweaponry:iron_longsword":2,"minecraft:lava_bucket":1,"tconstruct:ichor_slime_dirt":1,"tconstruct:seared_faucet":15,"tconstruct:crossbow":13,"tconstruct:tinkers_anvil":1,"tconstruct:seared_fuel_gauge":2,"minecraft:furnace":7,"tconstruct:smeltery_controller":5,"minecraft:oak_planks":58,"minecraft:stone_pickaxe":171,"minecraft:blackstone":24,"minecraft:wooden_pickaxe":57,"ironchest:copper_chest":3,"minecraft:blast_furnace":4,"waystones:waystone":3,"minecraft:bread":86,"minecraft:coal_block":13,"minecraft:grindstone":1,"tconstruct:crafting_station":1,"minecraft:oak_boat":4,"tconstruct:plate_shield":12,"tconstruct:longbow":16,"minecraft:experience_bottle":6,"minecraft:stone_sword":28,"minecraft:stone_shovel":132,"minecraft:spruce_planks":81,"minecraft:cooked_chicken":5,"minecraft:netherrack":148,"tconstruct:seared_ingot_gauge":1,"tconstruct:seared_drain":3,"minecraft:dirt":78,"tconstruct:seared_bricks":194,"tconstruct:seared_heater":4,"minecraft:iron_hoe":8,"minecraft:dark_oak_planks":32,"minecraft:iron_axe":118,"spartanweaponry:iron_rapier":423,"tconstruct:tinker_station":3,"minecraft:light_gray_wool":2,"tconstruct:pickadze":9,"tconstruct:cast_chest":1,"ironchest:gold_chest":2,"biomesoplenty:blood_bucket":3,"tombstone:gift":6,"minecraft:cooked_beef":45,"tconstruct:part_builder":3,"minecraft:cobbled_deepslate":15,"minecraft:light_gray_bed":7,"minecraft:cooked_mutton":9,"minecraft:water_bucket":85,"tconstruct:modifier_worktable":2,"minecraft:bundle":2,"minecraft:mossy_cobblestone":4,"minecraft:crafting_table":12,"tconstruct:seared_basin":11,"tconstruct:seared_chute":6,"justhammers:iron_hammer":555,"minecraft:smoker":4,"tombstone:bag_of_seeds":1,"minecraft:diamond_pickaxe":29,"minecraft:apple":1,"tconstruct:part_chest":1,"tombstone:magic_scroll":6,"minecraft:iron_pickaxe":750,"tconstruct:seared_table":2,"justhammers:stone_hammer":257,"minecraft:stone_axe":129,"minecraft:cobblestone":130,"tconstruct:seared_melter":4,"minecraft:porkchop":1,"minecraft:cooked_porkchop":20,"minecraft:bucket":105},"minecraft:killed":{"minecraft:cave_spider":1,"minecraft:witch":2,"minecraft:spider":26,"tconstruct:sky_slime":17,"minecraft:skeleton":39,"minecraft:chicken":5,"minecraft:magma_cube":49,"minecraft:piglin":1,"minecraft:pig":17,"minecraft:zombie_villager":1,"minecraft:iron_golem":11,"minecraft:creeper":7,"minecraft:sheep":13,"minecraft:zombie":81,"minecraft:ghast":1,"minecraft:cow":9,"minecraft:horse":3,"minecraft:bat":1,"minecraft:wither_skeleton":1,"minecraft:villager":2,"minecraft:enderman":2},"minecraft:broken":{"minecraft:iron_shovel":2,"minecraft:stone_pickaxe":2,"justhammers:stone_hammer":3,"minecraft:stone_shovel":1,"justhammers:iron_hammer":4,"minecraft:iron_pickaxe":3},"minecraft:killed_by":{"minecraft:creeper":3,"minecraft:player":1,"minecraft:enderman":1,"minecraft:iron_golem":1},"minecraft:dropped":{"tconstruct:seared_ingot_gauge":1,"minecraft:iron_sword":1,"minecraft:diamond_axe":1,"minecraft:lapis_lazuli":64,"minecraft:glass_bottle":2,"minecraft:oak_log":17,"biomesoplenty:rooted_sand":2,"minecraft:ender_pearl":1,"minecraft:crafting_table":6,"tconstruct:seared_fuel_tank":2,"minecraft:lantern":5,"minecraft:leather":7,"botania:red_mushroom":1,"biomesoplenty:porous_flesh":1,"botania:mana_diamond":2,"minecraft:emerald":18,"minecraft:flint":12,"minecraft:dirt":49,"tconstruct:materials_and_you":3,"botania:green_mystical_flower":2,"botania:light_blue_mushroom":2,"minecraft:axolotl_bucket":2,"minecraft:sand":150,"minecraft:white_wool":1,"tconstruct:rose_gold_block":2,"minecraft:gold_ingot":34,"minecraft:bone":14,"tconstruct:pattern":1,"minecraft:gravel":5,"minecraft:stone_axe":1,"minecraft:sugar_cane":31,"minecraft:cobbled_deepslate":143,"minecraft:obsidian":2,"tombstone:gift":1,"minecraft:rotten_flesh":54,"minecraft:oak_planks":16,"minecraft:glowstone_dust":1,"tconstruct:seared_chute":1,"botania:rune_air":2,"minecraft:carrot":3,"tconstruct:grout":217,"minecraft:poppy":6,"minecraft:gunpowder":5,"tconstruct:seared_heater":2,"minecraft:chest":1,"minecraft:ladder":20,"botania:blue_mystical_flower":1,"minecraft:white_dye":6,"minecraft:spruce_slab":23,"minecraft:arrow":31,"minecraft:iron_bars":6,"minecraft:glass":32,"minecraft:beef":14,"minecraft:quartz":6,"minecraft:stone_brick_stairs":1,"biomesoplenty:flesh":29,"minecraft:white_concrete_powder":2,"tconstruct:sky_slime_crystal":11,"tconstruct:bowstring":1,"minecraft:netherrack":381,"tconstruct:seared_faucet":3,"tconstruct:dagger":4,"minecraft:egg":1,"minecraft:water_bucket":3,"minecraft:enchanted_book":10,"justhammers:diamond_hammer":1,"minecraft:iron_ingot":2,"minecraft:bread":8,"spartanweaponry:handle":3,"minecraft:stripped_spruce_log":2,"minecraft:wheat_seeds":10,"minecraft:lilac":8,"minecraft:mossy_cobblestone":4,"biomesoplenty:redwood_slab":104,"minecraft:oak_fence":6,"minecraft:cobblestone":372,"minecraft:granite":1,"minecraft:spruce_stairs":10,"minecraft:stick":20,"minecraft:iron_block":2,"tconstruct:seared_melter":2,"spartanweaponry:diamond_rapier":1,"minecraft:torch":12,"tombstone:grave_key":2,"minecraft:repeater":4,"tconstruct:earth_slime_crystal_block":6,"minecraft:white_concrete":4,"minecraft:rose_bush":5,"minecraft:lime_carpet":5,"minecraft:zombie_head":1,"tombstone:grave_dust":14,"biomesoplenty:redwood_stairs":9,"minecraft:iron_axe":1,"twilightforest:spruce_banister":11,"minecraft:iron_shovel":3,"minecraft:string":78,"twilightforest:birch_banister":2,"minecraft:bucket":9,"spartanweaponry:iron_battle_hammer":2,"minecraft:polished_deepslate":25,"minecraft:dandelion":2,"minecraft:redstone":2,"minecraft:furnace":1,"botania:purple_mushroom":2,"minecraft:stone_sword":1,"minecraft:raw_copper":4,"tconstruct:seared_bricks":1,"tconstruct:blank_sand_cast":20,"minecraft:tuff":64,"minecraft:light_gray_wool":1,"biomesoplenty:redwood_planks":156,"minecraft:clay_ball":64,"minecraft:spruce_fence":1,"minecraft:glass_pane":30,"minecraft:flint_and_steel":1,"spartanweaponry:iron_warhammer":1,"minecraft:potato":56,"minecraft:stone":6,"minecraft:shield":3,"minecraft:diamond_chestplate":1,"minecraft:diamond_pickaxe":2,"minecraft:iron_chestplate":1,"minecraft:bundle":3,"minecraft:spruce_planks":1,"minecraft:andesite":1,"minecraft:yellow_bed":2,"minecraft:light_gray_bed":2,"botania:yellow_mushroom":2,"minecraft:oak_boat":2,"minecraft:stone_bricks":55,"minecraft:stone_pressure_plate":6,"tconstruct:seared_brick":312,"minecraft:spider_eye":3,"minecraft:diamond_boots":1,"minecraft:spruce_log":39,"minecraft:wooden_pickaxe":1,"minecraft:raw_gold":6,"minecraft:calcite":6,"minecraft:magma_block":66,"minecraft:terracotta":2},"minecraft:picked_up":{"tconstruct:seared_drain":2,"minecraft:enchanted_book":17,"minecraft:potion":1,"minecraft:stone_brick_stairs":1,"tombstone:grave_key":1,"botania:light_blue_mushroom":3,"minecraft:polished_deepslate":24,"minecraft:string":161,"tconstruct:smeltery_controller":4,"tconstruct:earth_slime_dirt":3,"minecraft:raw_copper":237,"minecraft:iron_leggings":1,"biomesoplenty:tall_lavender":1,"minecraft:experience_bottle":6,"minecraft:zombie_head":2,"botania:manasteel_chestplate":1,"biomesoplenty:redwood_slab":42,"minecraft:cobbled_deepslate":578,"minecraft:bucket":10,"minecraft:spruce_planks":14,"minecraft:rose_bush":6,"minecraft:calcite":12,"minecraft:coal_block":53,"minecraft:iron_boots":1,"minecraft:furnace":21,"minecraft:stick":20,"minecraft:oak_fence":6,"minecraft:spruce_stairs":10,"minecraft:porkchop":36,"tconstruct:seared_faucet":17,"ironchest:gold_chest":1,"tombstone:grave_dust":33,"minecraft:golden_chestplate":1,"tconstruct:sky_slime_crystal":15,"minecraft:lime_carpet":5,"minecraft:light_gray_bed":9,"minecraft:rotten_flesh":73,"minecraft:iron_block":3,"tconstruct:earth_slime_crystal_block":7,"tconstruct:seared_fuel_gauge":1,"minecraft:magma_cream":4,"minecraft:magma_block":77,"minecraft:obsidian":25,"minecraft:iron_bars":2,"minecraft:cobblestone":1787,"biomesoplenty:lavender":1,"tconstruct:seared_bricks":140,"minecraft:repeater":6,"minecraft:lilac":8,"spartanweaponry:iron_warhammer":2,"minecraft:feather":3,"minecraft:andesite":1,"minecraft:water_bucket":3,"minecraft:smoker":3,"minecraft:potato":50,"ironchest:copper_chest":3,"minecraft:flint":53,"minecraft:tuff":191,"minecraft:lapis_lazuli":152,"minecraft:dirt":91,"minecraft:lantern":5,"tconstruct:ichor_slime_dirt":9,"spartanweaponry:iron_rapier":1,"botania:mana_diamond":4,"minecraft:glass":55,"minecraft:bone":52,"minecraft:bow":3,"minecraft:wheat_seeds":12,"tconstruct:rose_gold_block":4,"minecraft:raw_gold":95,"minecraft:grindstone":1,"minecraft:glowstone_dust":1,"tconstruct:seared_table":2,"tconstruct:sky_congealed_slime":2,"tconstruct:blank_sand_cast":20,"minecraft:oak_planks":31,"tconstruct:necrotic_bone":2,"minecraft:ghast_tear":1,"minecraft:axolotl_bucket":2,"tconstruct:seared_ingot_gauge":4,"minecraft:sand":437,"minecraft:stripped_spruce_log":5,"minecraft:grass_block":1,"minecraft:dark_oak_log":8,"minecraft:mossy_cobblestone":8,"minecraft:bundle":9,"twilightforest:spruce_banister":11,"minecraft:diamond":5,"tconstruct:seared_basin":10,"waystones:waystone":5,"minecraft:granite":8,"minecraft:white_concrete":4,"minecraft:emerald":29,"minecraft:bread":7,"minecraft:oak_sapling":1,"minecraft:netherrack":573,"minecraft:diamond_pickaxe":1,"minecraft:crafting_table":19,"minecraft:chicken":5,"minecraft:ladder":9,"minecraft:clay_ball":420,"biomesoplenty:flesh":32,"tconstruct:materials_and_you":3,"twilightforest:birch_banister":3,"minecraft:shield":3,"tconstruct:earth_slime_crystal":24,"tconstruct:bloodshroom_log":13,"minecraft:cornflower":1,"minecraft:flint_and_steel":1,"minecraft:iron_axe":1,"minecraft:iron_shovel":3,"minecraft:blackstone":64,"minecraft:beef":27,"minecraft:oak_boat":6,"minecraft:player_head":2,"tconstruct:dagger":2,"minecraft:poppy":8,"minecraft:light_gray_wool":6,"minecraft:spruce_slab":23,"minecraft:sugar_cane":121,"minecraft:chest":2,"tconstruct:modifier_worktable":1,"minecraft:egg":1,"tconstruct:raw_cobalt":9,"minecraft:raw_iron":73,"minecraft:stone":6,"minecraft:copper_ingot":34,"botania:purple_mushroom":4,"minecraft:spruce_fence":2,"tconstruct:ichor_slime_ball":48,"tconstruct:sky_slime_dirt":2,"minecraft:carrot":4,"minecraft:redstone":2,"minecraft:stone_pressure_plate":6,"minecraft:tnt":5,"biomesoplenty:redwood_planks":92,"minecraft:diamond_chestplate":1,"tconstruct:sky_slime_ball":106,"minecraft:arrow":77,"botania:lime_mystical_flower":1,"tconstruct:grout":287,"minecraft:diamond_boots":1,"tconstruct:tinker_station":3,"minecraft:hay_block":19,"botania:blue_mystical_flower":1,"minecraft:gold_ingot":45,"minecraft:mutton":17,"botania:green_mystical_flower":4,"minecraft:white_wool":3,"tconstruct:part_builder":1,"minecraft:leather":11,"tconstruct:seared_fuel_tank":4,"tconstruct:seared_chute":7,"minecraft:oak_log":52,"minecraft:yellow_bed":2,"minecraft:gunpowder":10,"botania:red_mushroom":1,"tombstone:gift":1,"botania:yellow_mushroom":3,"tconstruct:seared_brick":321,"minecraft:cooked_mutton":1,"tconstruct:seared_heater":6,"minecraft:stone_bricks":86,"minecraft:iron_ingot":72,"tombstone:bag_of_seeds":1,"minecraft:glass_bottle":4,"minecraft:iron_sword":1,"minecraft:book":46,"minecraft:quartz":70,"minecraft:dandelion":4,"minecraft:gravel":303,"minecraft:amethyst_shard":20,"biomesoplenty:porous_flesh":1,"biomesoplenty:rooted_sand":2,"minecraft:spruce_sapling":4,"minecraft:spruce_log":36,"botania:rune_air":2,"justhammers:diamond_hammer":1,"minecraft:spider_eye":6,"spartanweaponry:iron_battle_hammer":4,"biomesoplenty:redwood_stairs":2,"minecraft:white_concrete_powder":3,"tconstruct:seared_melter":5,"minecraft:terracotta":2,"tconstruct:pattern":9,"minecraft:baked_potato":2,"tombstone:magic_scroll":2,"minecraft:coal":95,"minecraft:ender_pearl":2},"minecraft:mined":{"minecraft:large_amethyst_bud":2,"minecraft:spruce_planks":8,"minecraft:white_bed":1,"tconstruct:tinker_station":3,"minecraft:andesite_stairs":1,"tconstruct:seared_drain":2,"tconstruct:seared_bricks":140,"minecraft:obsidian":23,"minecraft:granite":8,"tconstruct:bloodshroom_log":13,"botania:light_blue_mushroom":1,"minecraft:grass_block":17,"minecraft:yellow_carpet":1,"minecraft:light_gray_bed":6,"minecraft:coal_block":53,"biomesoplenty:rooted_sand":2,"tconstruct:small_sky_slime_crystal_bud":1,"ironchest:copper_chest":2,"biomesoplenty:pus_bubble":1,"biomesoplenty:blackstone_bulb":1,"tconstruct:seared_table":2,"minecraft:magma_block":10,"tconstruct:seared_ingot_gauge":1,"biomesoplenty:tall_lavender":1,"minecraft:iron_ore":21,"minecraft:cobbled_deepslate":20,"ironchest:gold_chest":1,"tconstruct:ichor_slime_dirt":10,"tconstruct:seared_melter":4,"tconstruct:seared_fuel_tank":1,"minecraft:dirt_path":1,"minecraft:small_amethyst_bud":1,"minecraft:oak_stairs":2,"minecraft:iron_block":3,"tconstruct:sky_slime_dirt":1,"tconstruct:ichor_congealed_slime":18,"tconstruct:part_builder":1,"botania:green_mystical_flower":2,"tconstruct:seared_fuel_gauge":1,"tconstruct:seared_chute":7,"minecraft:blackstone":5,"minecraft:medium_amethyst_bud":1,"minecraft:smoker":3,"minecraft:amethyst_cluster":5,"minecraft:clay":73,"minecraft:calcite":7,"minecraft:chest":1,"minecraft:nether_quartz_ore":59,"minecraft:cobblestone":10,"botania:blue_mystical_flower":1,"minecraft:oak_planks":1,"minecraft:sugar_cane":12,"minecraft:grindstone":1,"minecraft:amethyst_block":1,"tconstruct:seared_faucet":13,"minecraft:lilac":9,"tconstruct:earth_slime_dirt":2,"minecraft:light_gray_wool":1,"minecraft:tnt":5,"minecraft:stone_brick_stairs":4,"minecraft:grass":18,"biomesoplenty:clover":1,"minecraft:oak_log":36,"minecraft:sand":403,"minecraft:dirt":39,"tconstruct:seared_heater":4,"minecraft:netherrack":54,"minecraft:oak_leaves":9,"minecraft:deepslate":332,"minecraft:tuff":3,"minecraft:red_carpet":2,"minecraft:deepslate_diamond_ore":5,"botania:red_mushroom":1,"biomesoplenty:desert_grass":3,"minecraft:dark_oak_log":8,"minecraft:glow_lichen":2,"tconstruct:modifier_worktable":1,"biomesoplenty:bush":7,"tconstruct:earth_slime_crystal_block":7,"minecraft:spruce_leaves":2,"biomesoplenty:dune_grass":1,"tconstruct:sky_slime_crystal_cluster":1,"minecraft:hay_block":19,"botania:purple_mushroom":1,"minecraft:furnace":20,"minecraft:andesite":4,"minecraft:stripped_spruce_log":4,"biomesoplenty:flesh":31,"biomesoplenty:sea_oats":3,"minecraft:bookshelf":15,"minecraft:deepslate_iron_ore":24,"minecraft:vine":1,"tconstruct:blood_slime_leaves":1,"minecraft:stripped_oak_log":3,"botania:yellow_mushroom":1,"minecraft:stone":757,"biomesoplenty:porous_flesh":2,"botania:lime_mystical_flower":1,"minecraft:stone_brick_slab":1,"minecraft:oak_fence":12,"minecraft:crafting_table":11,"tconstruct:earth_slime_crystal_cluster":3,"tconstruct:seared_basin":9,"minecraft:rose_bush":4,"minecraft:copper_ore":8,"minecraft:tall_grass":7,"minecraft:lapis_ore":5,"biomesoplenty:sprout":1,"minecraft:deepslate_gold_ore":71,"minecraft:spruce_stairs":2,"tconstruct:smeltery_controller":4,"minecraft:birch_leaves":2,"minecraft:spruce_log":24,"minecraft:coal_ore":53,"minecraft:zombie_head":1,"minecraft:sunflower":1,"minecraft:gravel":318,"minecraft:cobweb":28,"minecraft:terracotta":2,"tconstruct:blood_slime_tall_grass":1,"minecraft:stone_bricks":48,"tconstruct:sky_congealed_slime":12},"minecraft:custom":{"minecraft:interact_with_crafting_table":123,"minecraft:open_barrel":17,"minecraft:leave_game":5,"minecraft:time_since_death":49893,"minecraft:sprint_one_cm":1609787,"minecraft:damage_blocked_by_shield":4303,"minecraft:drop":317,"minecraft:talked_to_villager":6,"minecraft:play_time":705683,"minecraft:deaths":12,"tombstone:tomb_raiding":1,"minecraft:jump":7440,"minecraft:walk_on_water_one_cm":57522,"minecraft:interact_with_furnace":114,"minecraft:sleep_in_bed":17,"minecraft:waystone_activated":16,"minecraft:damage_dealt":48329,"minecraft:player_kills":3,"minecraft:crouch_one_cm":19586,"tombstone:undead_killed":122,"tombstone:villager_killed":2,"minecraft:interact_with_smoker":14,"minecraft:mob_kills":289,"minecraft:climb_one_cm":36487,"minecraft:walk_one_cm":1383428,"minecraft:sneak_time":10394,"minecraft:walk_under_water_one_cm":34933,"minecraft:boat_one_cm":99897,"minecraft:interact_with_blast_furnace":157,"minecraft:total_world_time":705683,"tombstone:raider_killed":2,"minecraft:time_since_rest":26733,"minecraft:damage_taken":12817,"minecraft:swim_one_cm":132478,"minecraft:fly_one_cm":1724448,"minecraft:open_chest":681,"minecraft:fall_one_cm":230711},"minecraft:crafted":{"tconstruct:cast_chest":1,"minecraft:smooth_stone":6,"minecraft:oak_planks":216,"tconstruct:large_plate_sand_cast":1,"tconstruct:bow_limb_sand_cast":1,"tconstruct:puny_smelting":2,"tconstruct:shield_core":1,"minecraft:cooked_chicken":5,"tconstruct:hammer_head_sand_cast":3,"tconstruct:broad_blade":1,"tconstruct:pick_head":2,"minecraft:stone":71,"tconstruct:tool_binding":1,"minecraft:cooked_mutton":16,"tconstruct:seared_melter":1,"minecraft:glass":5,"tconstruct:plate_chestplate":3,"tconstruct:seared_brick":502,"minecraft:chest":7,"tconstruct:seared_fuel_tank":1,"tconstruct:tough_handle":1,"minecraft:smoker":1,"spartanweaponry:iron_longsword":1,"tconstruct:small_blade":4,"tconstruct:plate_helmet":3,"tconstruct:maille_sand_cast":4,"tconstruct:chestplate_plating_sand_cast":1,"tconstruct:crossbow":1,"minecraft:cooked_porkchop":20,"minecraft:crafting_table":3,"minecraft:spruce_planks":64,"tconstruct:modifier_worktable":1,"minecraft:wooden_pickaxe":1,"tconstruct:blank_sand_cast":26,"tconstruct:tool_handle":5,"minecraft:copper_ingot":97,"spartanweaponry:iron_rapier":4,"tconstruct:broad_axe_head_sand_cast":1,"tconstruct:plate_leggings":3,"minecraft:light_gray_bed":1,"tconstruct:sword":5,"tconstruct:leggings_plating_sand_cast":1,"tconstruct:sky_slime_crystal":2,"tconstruct:plate_boots":3,"tconstruct:dagger":5,"minecraft:iron_chestplate":1,"minecraft:charcoal":9,"minecraft:shield":2,"minecraft:stick":72,"minecraft:iron_ingot":85,"minecraft:iron_pickaxe":3,"minecraft:iron_block":2,"minecraft:stone_sword":1,"minecraft:gold_ingot":41,"tconstruct:seared_bricks":66,"tconstruct:large_plate":1,"tconstruct:broad_blade_sand_cast":1,"tconstruct:seared_fuel_gauge":2,"tconstruct:pattern":36,"tconstruct:bow_limb":4,"tconstruct:seared_chute":1,"minecraft:stone_shovel":1,"tconstruct:part_builder":2,"tconstruct:round_plate":1,"minecraft:furnace":6,"minecraft:blast_furnace":2,"tconstruct:seared_basin":1,"minecraft:bone_meal":6,"tconstruct:tinker_station":1,"tconstruct:ingot_sand_cast":1,"minecraft:iron_axe":1,"minecraft:iron_hoe":1,"minecraft:slime_ball":8,"tconstruct:seared_table":1,"minecraft:stone_pickaxe":1,"tconstruct:earth_congealed_slime":2,"minecraft:dark_oak_planks":32,"tconstruct:bowstring":3,"minecraft:wheat":171,"minecraft:cooked_beef":45,"ironchest:gold_chest":1,"tconstruct:helmet_plating_sand_cast":2,"tconstruct:bow_grip":3,"tconstruct:tinkers_anvil":1,"tconstruct:part_chest":1,"spartanweaponry:handle":4,"ironchest:copper_chest":1,"minecraft:bucket":8,"minecraft:stone_axe":1,"tconstruct:seared_drain":1,"tconstruct:pickadze":3,"tconstruct:sky_congealed_slime":4,"minecraft:bread":57,"minecraft:air":0,"tconstruct:seared_heater":1,"minecraft:oak_boat":1,"tconstruct:seared_ingot_gauge":1,"justhammers:iron_hammer":7,"justhammers:stone_hammer":3,"minecraft:white_dye":6,"tconstruct:crafting_station":1,"tconstruct:bow_grip_sand_cast":1,"tconstruct:seared_faucet":3,"minecraft:iron_shovel":3,"minecraft:iron_leggings":1,"tconstruct:boots_plating_sand_cast":1,"tconstruct:longbow":1,"tconstruct:gem_sand_cast":1,"tconstruct:grout":584,"tconstruct:sledge_hammer":2,"ironchest:iron_chest":2}},"DataVersion":3120}