{"stats":{"minecraft:dropped":{"tconstruct:sky_slime_dirt":1,"minecraft:rotten_flesh":1,"minecraft:light_gray_concrete":1,"minecraft:gray_concrete":2,"minecraft:andesite":1,"botania:gray_double_flower":1},"minecraft:killed":{"minecraft:magma_cube":6,"minecraft:witch":1,"minecraft:spider":1,"minecraft:skeleton":28,"minecraft:zombie":4},"minecraft:broken":{"minecraft:stone_sword":1},"minecraft:custom":{"minecraft:interact_with_furnace":24,"minecraft:mob_kills":42,"tombstone:raider_killed":1,"minecraft:interact_with_crafting_table":10,"minecraft:open_barrel":2,"minecraft:leave_game":1,"minecraft:eat_cake_slice":1,"minecraft:time_since_death":60530,"minecraft:sleep_in_bed":1,"minecraft:climb_one_cm":22487,"minecraft:time_since_rest":52848,"minecraft:sprint_one_cm":182154,"minecraft:damage_taken":1380,"minecraft:walk_one_cm":154268,"minecraft:drop":6,"minecraft:damage_dealt":7862,"minecraft:play_noteblock":2,"minecraft:swim_one_cm":21205,"minecraft:fly_one_cm":211932,"minecraft:open_chest":37,"tombstone:undead_killed":32,"minecraft:crouch_one_cm":9269,"minecraft:play_time":60530,"minecraft:walk_under_water_one_cm":3161,"minecraft:sneak_time":3794,"minecraft:boat_one_cm":95428,"minecraft:jump":1170,"minecraft:walk_on_water_one_cm":8691,"minecraft:total_world_time":60530,"minecraft:inspect_dispenser":2,"minecraft:fall_one_cm":32977},"minecraft:crafted":{"minecraft:oak_planks":4,"minecraft:coal":63,"minecraft:spruce_sign":3,"minecraft:crafting_table":1,"minecraft:spruce_planks":56,"minecraft:furnace":1,"minecraft:bucket":1,"minecraft:birch_planks":4,"minecraft:stone_axe":1,"minecraft:bread":42,"minecraft:stick":4,"minecraft:iron_ingot":9,"minecraft:chest":2,"minecraft:spruce_boat":1,"minecraft:wheat":126},"minecraft:mined":{"biomesoplenty:jacaranda_leaves":4,"minecraft:gray_concrete":6,"minecraft:spruce_planks":21,"botania:lime_mystical_flower":1,"minecraft:white_bed":2,"tconstruct:sky_sky_slime_grass":1,"minecraft:brewing_stand":1,"minecraft:chiseled_quartz_block":7,"minecraft:crafting_table":4,"minecraft:grass_block":53,"minecraft:chest":4,"minecraft:oak_pressure_plate":1,"minecraft:coal_block":7,"minecraft:tall_grass":3,"minecraft:composter":1,"minecraft:sugar_cane":17,"minecraft:iron_door":1,"minecraft:wall_torch":2,"minecraft:spawner":1,"minecraft:hay_block":14,"biomesoplenty:jacaranda_log":5,"minecraft:furnace":5,"minecraft:light_gray_stained_glass":1,"minecraft:birch_log":1,"minecraft:andesite":2,"minecraft:spruce_log":21,"minecraft:pumpkin":4,"tconstruct:skyroot_log":27,"minecraft:moss_carpet":1,"minecraft:yellow_bed":1,"minecraft:grass":5,"minecraft:bookshelf":2,"minecraft:oak_log":1,"minecraft:coal_ore":19,"minecraft:water_cauldron":1,"botania:gray_double_flower":1,"minecraft:light_gray_concrete":2,"minecraft:smooth_quartz":8,"minecraft:dirt":15,"minecraft:cobweb":5,"minecraft:stonecutter":1,"minecraft:stone":23,"minecraft:iron_block":1,"minecraft:spruce_slab":2,"minecraft:oak_leaves":6,"minecraft:fern":15,"tconstruct:sky_congealed_slime":50},"minecraft:picked_up":{"minecraft:birch_log":1,"minecraft:crafting_table":4,"minecraft:andesite":3,"minecraft:iron_door":1,"minecraft:chiseled_quartz_block":5,"tconstruct:skyroot_log":27,"biomesoplenty:jacaranda_sapling":1,"minecraft:oak_log":1,"minecraft:brewing_stand":1,"minecraft:yellow_bed":1,"minecraft:gray_concrete":11,"minecraft:string":9,"minecraft:dirt":68,"minecraft:iron_shovel":1,"minecraft:bone":25,"minecraft:stonecutter":1,"minecraft:wheat_seeds":2,"minecraft:spruce_planks":21,"minecraft:smooth_quartz":15,"minecraft:spruce_slab":4,"minecraft:iron_pickaxe":1,"minecraft:coal_block":7,"minecraft:chest":4,"minecraft:sugar_cane":38,"tconstruct:sky_slime_sapling":7,"minecraft:furnace":5,"minecraft:book":7,"botania:gray_double_flower":1,"minecraft:pumpkin":4,"minecraft:composter":1,"minecraft:torch":2,"minecraft:oak_pressure_plate":1,"tconstruct:sky_slime_dirt":1,"tombstone:grave_dust":1,"minecraft:white_bed":2,"minecraft:spruce_log":21,"minecraft:cauldron":1,"minecraft:bundle":1,"minecraft:light_gray_concrete":4,"minecraft:stone_sword":1,"tconstruct:sky_slime_ball":201,"minecraft:arrow":20,"minecraft:rotten_flesh":2,"botania:lime_mystical_flower":1,"biomesoplenty:jacaranda_log":5,"minecraft:spruce_boat":3,"waystones:waystone":1,"minecraft:hay_block":14,"minecraft:iron_block":1,"minecraft:skeleton_skull":1,"minecraft:coal":19,"minecraft:cobblestone":23},"minecraft:used":{"minecraft:stone_sword":84,"minecraft:iron_shovel":119,"minecraft:spruce_slab":4,"minecraft:chest":6,"minecraft:spruce_planks":26,"minecraft:stone":2,"minecraft:iron_sword":216,"minecraft:spruce_sign":1,"tconstruct:skyroot_log":4,"minecraft:torch":2,"minecraft:dirt":68,"minecraft:crafting_table":5,"minecraft:chiseled_quartz_block":3,"minecraft:gray_concrete":9,"minecraft:white_bed":2,"minecraft:spruce_log":7,"minecraft:redstone_torch":4,"minecraft:spruce_boat":3,"minecraft:light_gray_concrete":3,"minecraft:bread":33,"minecraft:iron_pickaxe":89,"minecraft:smooth_quartz":8,"minecraft:oak_pressure_plate":1,"minecraft:stone_axe":102,"minecraft:furnace":6,"minecraft:andesite":2,"minecraft:bucket":1,"tombstone:gift":2,"minecraft:yellow_bed":1,"botania:lime_mystical_flower":1}},"DataVersion":3120}