{"stats":{"minecraft:broken":{"minecraft:stone_sword":1,"minecraft:stone_axe":1,"minecraft:iron_sword":1,"minecraft:iron_pickaxe":3},"minecraft:picked_up":{"biomesoplenty:redwood_log":1,"minecraft:crafting_table":5,"minecraft:leather_leggings":1,"minecraft:chicken":5,"minecraft:ladder":20,"botania:blue_mushroom":3,"tconstruct:skyroot_log":27,"biomesoplenty:jacaranda_sapling":1,"minecraft:stone_brick_stairs":1,"minecraft:brewing_stand":1,"minecraft:string":23,"minecraft:raw_copper":45,"minecraft:armor_stand":2,"minecraft:item_frame":4,"minecraft:iron_shovel":1,"minecraft:experience_bottle":6,"minecraft:cobbled_deepslate":17,"minecraft:spruce_planks":21,"minecraft:beef":7,"minecraft:calcite":2,"minecraft:smooth_quartz":15,"minecraft:iron_pickaxe":2,"minecraft:spruce_slab":4,"minecraft:coal_block":7,"minecraft:sugar_cane":38,"minecraft:chest":4,"minecraft:furnace":5,"minecraft:raw_copper_block":3,"minecraft:egg":2,"minecraft:stick":3,"minecraft:raw_iron":83,"minecraft:composter":1,"minecraft:torch":17,"tconstruct:skyroot_planks":2,"tconstruct:sky_slime_dirt":1,"botania:pink_mushroom":3,"tombstone:grave_dust":10,"minecraft:redstone":26,"minecraft:cauldron":1,"minecraft:cooked_cod":3,"biomesoplenty:redwood_planks":1,"minecraft:stone_sword":1,"tconstruct:sky_slime_crystal":24,"tconstruct:sky_slime_ball":201,"minecraft:arrow":27,"minecraft:rotten_flesh":36,"botania:lime_mystical_flower":1,"biomesoplenty:jacaranda_log":11,"minecraft:hay_block":31,"minecraft:iron_block":1,"botania:green_mystical_flower":2,"minecraft:skeleton_skull":1,"minecraft:rail":12,"minecraft:cobblestone":600,"biomesoplenty:lavender":2,"minecraft:birch_log":1,"minecraft:leather_chestplate":2,"minecraft:feather":6,"minecraft:iron_door":1,"minecraft:glow_ink_sac":13,"minecraft:andesite":3,"minecraft:leather":6,"minecraft:chiseled_quartz_block":5,"minecraft:tuff":1,"minecraft:oak_log":8,"minecraft:yellow_bed":1,"biomesoplenty:jacaranda_planks":1,"minecraft:gunpowder":13,"minecraft:cobblestone_stairs":1,"minecraft:lapis_lazuli":158,"minecraft:gray_concrete":11,"minecraft:dirt":261,"tconstruct:sky_slime_crystal_block":6,"botania:yellow_mushroom":3,"minecraft:leather_boots":1,"minecraft:cooked_mutton":3,"minecraft:bone":58,"minecraft:stone_bricks":8,"minecraft:stonecutter":1,"minecraft:wheat_seeds":17,"minecraft:glowstone_dust":6,"minecraft:raw_gold":37,"botania:gray_mushroom":6,"minecraft:spruce_wood":6,"minecraft:iron_ingot":4,"tombstone:scroll_of_reach":1,"tconstruct:sky_slime_sapling":7,"minecraft:oak_planks":4,"minecraft:book":26,"botania:gray_double_flower":1,"minecraft:pumpkin":4,"minecraft:sweet_berries":4,"minecraft:oak_pressure_plate":1,"minecraft:stripped_spruce_log":2,"minecraft:leather_helmet":2,"minecraft:white_bed":2,"minecraft:spruce_log":21,"minecraft:barrel":1,"minecraft:mossy_cobblestone":1,"minecraft:bundle":2,"minecraft:light_gray_concrete":4,"minecraft:sugar":1,"minecraft:stone_axe":1,"minecraft:diamond":3,"minecraft:spruce_boat":3,"waystones:waystone":4,"minecraft:granite":1,"minecraft:emerald":4,"minecraft:golden_apple":2,"minecraft:spruce_sign":1,"minecraft:bread":3,"tombstone:magic_scroll":2,"minecraft:brown_banner":2,"minecraft:coal":242},"minecraft:custom":{"minecraft:mob_kills":91,"minecraft:interact_with_crafting_table":29,"minecraft:open_barrel":3,"minecraft:interact_with_campfire":3,"minecraft:eat_cake_slice":1,"minecraft:leave_game":4,"minecraft:time_since_death":248919,"minecraft:climb_one_cm":33200,"minecraft:sprint_one_cm":512344,"minecraft:walk_one_cm":467167,"minecraft:damage_blocked_by_shield":353,"minecraft:drop":50,"minecraft:play_noteblock":2,"minecraft:talked_to_villager":5,"minecraft:play_time":248919,"minecraft:sneak_time":9507,"minecraft:walk_under_water_one_cm":3392,"minecraft:boat_one_cm":95428,"minecraft:jump":3198,"minecraft:interact_with_blast_furnace":1,"minecraft:walk_on_water_one_cm":15799,"minecraft:total_world_time":248919,"minecraft:interact_with_furnace":285,"tombstone:raider_killed":3,"minecraft:sleep_in_bed":4,"minecraft:time_since_rest":4675,"minecraft:waystone_activated":5,"minecraft:damage_taken":3280,"minecraft:damage_dealt":14530,"minecraft:swim_one_cm":22861,"minecraft:fly_one_cm":487030,"minecraft:open_chest":280,"minecraft:crouch_one_cm":24039,"tombstone:undead_killed":60,"minecraft:interact_with_smoker":2,"minecraft:inspect_dispenser":2,"minecraft:fall_one_cm":84963},"minecraft:killed":{"minecraft:cave_spider":1,"minecraft:witch":3,"minecraft:spider":3,"minecraft:skeleton":39,"minecraft:chicken":5,"minecraft:magma_cube":6,"minecraft:creeper":6,"minecraft:zombie":21,"minecraft:cow":5},"minecraft:dropped":{"tombstone:scroll_of_reach":1,"minecraft:iron_ingot":4,"minecraft:wheat_seeds":1,"botania:gray_mushroom":4,"tconstruct:sky_slime_dirt":1,"minecraft:lapis_lazuli":16,"biomesoplenty:lavender":2,"minecraft:rail":12,"minecraft:golden_apple":2,"minecraft:item_frame":2,"minecraft:gray_concrete":2,"minecraft:raw_copper_block":2,"tombstone:magic_scroll":1,"minecraft:torch":20,"tombstone:grave_dust":6,"minecraft:iron_pickaxe":1,"minecraft:string":2,"botania:gray_double_flower":1,"minecraft:redstone":22,"minecraft:bone":17,"botania:blue_mushroom":2,"minecraft:rotten_flesh":7,"minecraft:light_gray_concrete":1,"botania:pink_mushroom":2,"minecraft:gunpowder":6,"minecraft:andesite":1,"botania:yellow_mushroom":2,"minecraft:ladder":1,"tconstruct:sky_slime_crystal_block":4,"tconstruct:sky_slime_crystal":16},"minecraft:mined":{"minecraft:tuff":1,"minecraft:spruce_planks":21,"minecraft:white_bed":2,"minecraft:mossy_cobblestone":1,"minecraft:deepslate_diamond_ore":3,"minecraft:cobblestone_stairs":1,"tconstruct:sky_slime_crystal_block":2,"minecraft:brewing_stand":1,"minecraft:ladder":11,"minecraft:granite":1,"biomesoplenty:bush":1,"minecraft:grass_block":53,"tconstruct:skyroot_planks":2,"minecraft:oak_pressure_plate":1,"minecraft:coal_block":7,"minecraft:spruce_leaves":1,"minecraft:brown_banner":2,"minecraft:composter":1,"minecraft:spawner":2,"tconstruct:sky_slime_crystal_cluster":2,"minecraft:large_fern":3,"minecraft:hay_block":31,"biomesoplenty:jacaranda_log":11,"minecraft:glowstone":2,"minecraft:furnace":5,"minecraft:barrel":1,"minecraft:iron_ore":64,"biomesoplenty:lavender":3,"minecraft:stripped_spruce_log":2,"minecraft:andesite":2,"minecraft:moss_carpet":1,"minecraft:pumpkin":4,"minecraft:deepslate_lapis_ore":9,"minecraft:bookshelf":8,"biomesoplenty:redwood_log":1,"minecraft:deepslate_iron_ore":13,"minecraft:water_cauldron":1,"minecraft:light_gray_concrete":2,"botania:yellow_mushroom":1,"minecraft:spruce_wood":6,"tconstruct:medium_sky_slime_crystal_bud":1,"minecraft:stone":468,"minecraft:iron_block":1,"minecraft:spruce_slab":2,"minecraft:podzol":24,"botania:green_mystical_flower":2,"biomesoplenty:jacaranda_leaves":4,"minecraft:deepslate_redstone_ore":1,"biomesoplenty:redwood_planks":1,"botania:lime_mystical_flower":1,"minecraft:gray_concrete":6,"tconstruct:sky_sky_slime_grass":1,"biomesoplenty:jacaranda_planks":1,"minecraft:chiseled_quartz_block":7,"minecraft:crafting_table":5,"minecraft:torch":5,"minecraft:calcite":2,"minecraft:chest":4,"botania:pink_mushroom":1,"minecraft:copper_ore":11,"minecraft:tall_grass":12,"minecraft:cobblestone":1,"minecraft:deepslate_gold_ore":32,"minecraft:lapis_ore":12,"minecraft:oak_planks":4,"minecraft:sugar_cane":17,"minecraft:spruce_sign":1,"minecraft:iron_door":1,"minecraft:wall_torch":4,"botania:blue_mushroom":1,"minecraft:light_gray_stained_glass":1,"minecraft:birch_log":1,"minecraft:sweet_berry_bush":2,"minecraft:spruce_log":21,"tconstruct:skyroot_log":27,"minecraft:stone_brick_stairs":1,"minecraft:yellow_bed":1,"minecraft:grass":11,"botania:gray_mushroom":2,"minecraft:oak_log":8,"minecraft:coal_ore":244,"botania:gray_double_flower":1,"minecraft:smooth_quartz":8,"minecraft:dirt":100,"minecraft:cobweb":11,"minecraft:stone_bricks":8,"minecraft:raw_copper_block":1,"minecraft:stonecutter":1,"minecraft:gold_ore":5,"minecraft:oak_leaves":6,"minecraft:deepslate":10,"minecraft:fern":89,"tconstruct:sky_congealed_slime":50},"minecraft:crafted":{"minecraft:oak_planks":32,"minecraft:coal":63,"minecraft:cooked_chicken":5,"minecraft:furnace":1,"minecraft:cobblestone_stairs":20,"minecraft:stone":312,"minecraft:bow":1,"minecraft:iron_boots":1,"minecraft:raw_copper":9,"minecraft:chest":4,"minecraft:spruce_boat":1,"minecraft:stone_bricks":340,"minecraft:wheat":126,"minecraft:cooked_beef":5,"tconstruct:skyroot_planks":4,"biomesoplenty:jacaranda_planks":4,"minecraft:spruce_sign":3,"minecraft:crafting_table":1,"minecraft:spruce_planks":104,"biomesoplenty:redwood_planks":4,"minecraft:iron_helmet":1,"minecraft:iron_sword":1,"minecraft:copper_ingot":54,"minecraft:bucket":1,"minecraft:birch_planks":4,"minecraft:stone_axe":2,"minecraft:bread":42,"minecraft:air":0,"minecraft:iron_chestplate":1,"minecraft:shield":1,"minecraft:stick":76,"minecraft:iron_ingot":91,"minecraft:iron_pickaxe":4,"minecraft:iron_leggings":1,"minecraft:gold_ingot":37,"minecraft:torch":168},"minecraft:used":{"minecraft:stone_sword":84,"minecraft:iron_shovel":229,"minecraft:spruce_slab":4,"biomesoplenty:redwood_planks":1,"minecraft:ladder":3,"minecraft:chest":8,"minecraft:spruce_planks":26,"minecraft:shield":11,"minecraft:stone":2,"minecraft:iron_sword":368,"tconstruct:skyroot_log":4,"minecraft:cooked_chicken":5,"minecraft:rotten_flesh":11,"minecraft:torch":123,"minecraft:dirt":138,"minecraft:tuff":1,"minecraft:granite":1,"minecraft:spruce_boat":3,"minecraft:smooth_quartz":8,"minecraft:stone_brick_stairs":1,"minecraft:item_frame":2,"minecraft:bow":33,"minecraft:beef":2,"minecraft:cooked_cod":3,"minecraft:furnace":6,"tconstruct:skyroot_planks":2,"tombstone:gift":4,"minecraft:skeleton_skull":1,"minecraft:cooked_beef":5,"minecraft:cobbled_deepslate":17,"botania:lime_mystical_flower":1,"minecraft:calcite":2,"minecraft:cobblestone_stairs":19,"minecraft:bundle":3,"minecraft:oak_planks":1,"minecraft:spruce_sign":2,"minecraft:mossy_cobblestone":1,"minecraft:crafting_table":5,"minecraft:white_bed":2,"minecraft:chiseled_quartz_block":3,"minecraft:spruce_log":7,"minecraft:gray_concrete":9,"biomesoplenty:jacaranda_planks":1,"minecraft:redstone_torch":4,"waystones:waystone":2,"minecraft:light_gray_concrete":3,"minecraft:bread":56,"minecraft:iron_pickaxe":953,"minecraft:oak_pressure_plate":1,"minecraft:stone_axe":155,"minecraft:cobblestone":51,"minecraft:andesite":2,"minecraft:bucket":2,"minecraft:yellow_bed":1}},"DataVersion":3120}