{"stats":{"minecraft:used":{"minecraft:stone_sword":84,"minecraft:iron_shovel":138,"minecraft:spruce_slab":4,"minecraft:ladder":3,"minecraft:chest":6,"minecraft:spruce_planks":26,"minecraft:shield":7,"minecraft:stone":2,"minecraft:iron_sword":284,"tconstruct:skyroot_log":4,"minecraft:rotten_flesh":8,"minecraft:torch":64,"minecraft:dirt":73,"minecraft:tuff":1,"minecraft:granite":1,"minecraft:spruce_boat":3,"minecraft:smooth_quartz":8,"minecraft:bow":19,"minecraft:furnace":6,"tombstone:gift":2,"minecraft:cobbled_deepslate":13,"botania:lime_mystical_flower":1,"minecraft:calcite":2,"minecraft:bundle":2,"minecraft:spruce_sign":1,"minecraft:mossy_cobblestone":1,"minecraft:crafting_table":5,"minecraft:white_bed":2,"minecraft:chiseled_quartz_block":3,"minecraft:gray_concrete":9,"minecraft:spruce_log":7,"minecraft:redstone_torch":4,"minecraft:light_gray_concrete":3,"minecraft:bread":53,"minecraft:iron_pickaxe":390,"minecraft:oak_pressure_plate":1,"minecraft:stone_axe":128,"minecraft:cobblestone":5,"minecraft:andesite":2,"minecraft:bucket":2,"minecraft:yellow_bed":1},"minecraft:killed":{"minecraft:witch":2,"minecraft:spider":2,"minecraft:skeleton":35,"minecraft:magma_cube":6,"minecraft:creeper":3,"minecraft:zombie":14},"minecraft:broken":{"minecraft:stone_sword":1,"minecraft:stone_axe":1,"minecraft:iron_sword":1,"minecraft:iron_pickaxe":1},"minecraft:dropped":{"minecraft:iron_ingot":2,"botania:gray_mushroom":2,"tconstruct:sky_slime_dirt":1,"minecraft:lapis_lazuli":8,"minecraft:rail":6,"minecraft:golden_apple":1,"minecraft:gray_concrete":2,"minecraft:raw_copper_block":1,"tombstone:grave_dust":4,"minecraft:string":1,"botania:gray_double_flower":1,"minecraft:redstone":11,"minecraft:bone":8,"botania:blue_mushroom":1,"minecraft:rotten_flesh":7,"minecraft:light_gray_concrete":1,"botania:pink_mushroom":1,"minecraft:gunpowder":3,"minecraft:andesite":1,"botania:yellow_mushroom":1,"tconstruct:sky_slime_crystal_block":2,"tconstruct:sky_slime_crystal":8},"minecraft:picked_up":{"minecraft:crafting_table":4,"minecraft:ladder":12,"botania:blue_mushroom":2,"tconstruct:skyroot_log":27,"biomesoplenty:jacaranda_sapling":1,"minecraft:brewing_stand":1,"minecraft:string":13,"minecraft:raw_copper":45,"minecraft:iron_shovel":1,"minecraft:cobbled_deepslate":13,"minecraft:spruce_planks":21,"minecraft:calcite":2,"minecraft:spruce_slab":4,"minecraft:smooth_quartz":15,"minecraft:iron_pickaxe":1,"minecraft:sugar_cane":38,"minecraft:coal_block":7,"minecraft:chest":4,"minecraft:furnace":5,"minecraft:raw_copper_block":2,"minecraft:raw_iron":51,"minecraft:composter":1,"minecraft:torch":2,"tconstruct:sky_slime_dirt":1,"botania:pink_mushroom":2,"tombstone:grave_dust":7,"minecraft:redstone":15,"minecraft:cauldron":1,"tconstruct:sky_slime_ball":201,"tconstruct:sky_slime_crystal":16,"minecraft:stone_sword":1,"minecraft:arrow":27,"minecraft:rotten_flesh":23,"botania:lime_mystical_flower":1,"biomesoplenty:jacaranda_log":5,"minecraft:hay_block":14,"minecraft:iron_block":1,"minecraft:rail":6,"minecraft:skeleton_skull":1,"minecraft:cobblestone":71,"minecraft:birch_log":1,"minecraft:iron_door":1,"minecraft:andesite":3,"minecraft:chiseled_quartz_block":5,"minecraft:tuff":1,"minecraft:oak_log":8,"minecraft:yellow_bed":1,"minecraft:gunpowder":8,"minecraft:lapis_lazuli":80,"minecraft:gray_concrete":11,"tconstruct:sky_slime_crystal_block":4,"minecraft:dirt":87,"botania:yellow_mushroom":2,"minecraft:bone":46,"minecraft:stonecutter":1,"minecraft:wheat_seeds":14,"minecraft:iron_ingot":2,"minecraft:raw_gold":23,"minecraft:spruce_wood":6,"botania:gray_mushroom":4,"tconstruct:sky_slime_sapling":7,"minecraft:oak_planks":4,"minecraft:book":7,"botania:gray_double_flower":1,"minecraft:pumpkin":4,"minecraft:oak_pressure_plate":1,"minecraft:white_bed":2,"minecraft:spruce_log":21,"minecraft:mossy_cobblestone":1,"minecraft:bundle":2,"minecraft:light_gray_concrete":4,"minecraft:sugar":1,"minecraft:diamond":2,"minecraft:spruce_boat":3,"waystones:waystone":1,"minecraft:granite":1,"minecraft:golden_apple":1,"tombstone:magic_scroll":1,"minecraft:coal":150},"minecraft:mined":{"minecraft:tuff":1,"minecraft:spruce_planks":21,"minecraft:white_bed":2,"minecraft:mossy_cobblestone":1,"minecraft:deepslate_diamond_ore":2,"tconstruct:sky_slime_crystal_block":2,"minecraft:brewing_stand":1,"minecraft:ladder":9,"minecraft:granite":1,"minecraft:grass_block":53,"minecraft:oak_pressure_plate":1,"minecraft:coal_block":7,"minecraft:composter":1,"tconstruct:sky_slime_crystal_cluster":2,"minecraft:spawner":1,"minecraft:hay_block":14,"biomesoplenty:jacaranda_log":5,"minecraft:furnace":5,"minecraft:iron_ore":45,"minecraft:andesite":2,"minecraft:pumpkin":4,"minecraft:moss_carpet":1,"minecraft:bookshelf":2,"minecraft:deepslate_iron_ore":6,"minecraft:water_cauldron":1,"minecraft:light_gray_concrete":2,"botania:yellow_mushroom":1,"minecraft:spruce_wood":6,"tconstruct:medium_sky_slime_crystal_bud":1,"minecraft:stone":68,"minecraft:iron_block":1,"minecraft:spruce_slab":2,"minecraft:podzol":15,"biomesoplenty:jacaranda_leaves":4,"minecraft:deepslate_redstone_ore":1,"botania:lime_mystical_flower":1,"minecraft:gray_concrete":6,"tconstruct:sky_sky_slime_grass":1,"minecraft:chiseled_quartz_block":7,"minecraft:crafting_table":4,"minecraft:calcite":2,"minecraft:chest":4,"botania:pink_mushroom":1,"minecraft:tall_grass":3,"minecraft:copper_ore":11,"minecraft:cobblestone":1,"minecraft:lapis_ore":12,"minecraft:deepslate_gold_ore":18,"minecraft:sugar_cane":17,"minecraft:oak_planks":4,"minecraft:iron_door":1,"minecraft:wall_torch":2,"botania:blue_mushroom":1,"minecraft:light_gray_stained_glass":1,"minecraft:birch_log":1,"minecraft:spruce_log":21,"tconstruct:skyroot_log":27,"minecraft:yellow_bed":1,"minecraft:grass":5,"botania:gray_mushroom":2,"minecraft:oak_log":8,"minecraft:coal_ore":152,"botania:gray_double_flower":1,"minecraft:dirt":19,"minecraft:smooth_quartz":8,"minecraft:cobweb":6,"minecraft:raw_copper_block":1,"minecraft:stonecutter":1,"minecraft:gold_ore":5,"minecraft:oak_leaves":6,"minecraft:deepslate":6,"minecraft:fern":84,"tconstruct:sky_congealed_slime":50},"minecraft:custom":{"minecraft:mob_kills":65,"minecraft:interact_with_crafting_table":18,"minecraft:open_barrel":2,"minecraft:eat_cake_slice":1,"minecraft:leave_game":2,"minecraft:time_since_death":113884,"minecraft:climb_one_cm":24736,"minecraft:sprint_one_cm":312748,"minecraft:walk_one_cm":264229,"minecraft:damage_blocked_by_shield":213,"minecraft:drop":24,"minecraft:play_noteblock":2,"minecraft:play_time":113884,"minecraft:sneak_time":8062,"minecraft:walk_under_water_one_cm":3183,"minecraft:boat_one_cm":95428,"minecraft:jump":2033,"minecraft:walk_on_water_one_cm":11659,"minecraft:total_world_time":113884,"minecraft:interact_with_furnace":42,"tombstone:raider_killed":2,"minecraft:sleep_in_bed":1,"minecraft:time_since_rest":106202,"minecraft:damage_taken":2483,"minecraft:damage_dealt":11506,"minecraft:swim_one_cm":21205,"minecraft:fly_one_cm":307512,"minecraft:open_chest":97,"minecraft:crouch_one_cm":19065,"tombstone:undead_killed":49,"minecraft:inspect_dispenser":2,"minecraft:fall_one_cm":56400},"minecraft:crafted":{"minecraft:oak_planks":32,"minecraft:coal":63,"minecraft:furnace":1,"minecraft:bow":1,"minecraft:chest":2,"minecraft:spruce_boat":1,"minecraft:wheat":126,"minecraft:spruce_sign":3,"minecraft:crafting_table":1,"minecraft:spruce_planks":80,"minecraft:iron_sword":1,"minecraft:bucket":1,"minecraft:birch_planks":4,"minecraft:stone_axe":2,"minecraft:bread":42,"minecraft:shield":1,"minecraft:stick":52,"minecraft:iron_ingot":9,"minecraft:iron_pickaxe":1,"minecraft:torch":168}},"DataVersion":3120}