{"stats":{"minecraft:broken":{"minecraft:stone_sword":1,"minecraft:iron_sword":1,"minecraft:iron_pickaxe":1},"minecraft:picked_up":{"minecraft:crafting_table":4,"minecraft:ladder":12,"botania:blue_mushroom":1,"tconstruct:skyroot_log":27,"biomesoplenty:jacaranda_sapling":1,"minecraft:brewing_stand":1,"minecraft:string":9,"minecraft:raw_copper":45,"minecraft:iron_shovel":1,"minecraft:cobbled_deepslate":9,"minecraft:spruce_planks":21,"minecraft:calcite":2,"minecraft:iron_pickaxe":1,"minecraft:smooth_quartz":15,"minecraft:spruce_slab":4,"minecraft:sugar_cane":38,"minecraft:coal_block":7,"minecraft:chest":4,"minecraft:raw_copper_block":1,"minecraft:furnace":5,"minecraft:raw_iron":51,"minecraft:composter":1,"minecraft:torch":2,"tconstruct:sky_slime_dirt":1,"botania:pink_mushroom":1,"tombstone:grave_dust":3,"minecraft:cauldron":1,"tconstruct:sky_slime_crystal":8,"minecraft:stone_sword":1,"tconstruct:sky_slime_ball":201,"botania:lime_mystical_flower":1,"minecraft:arrow":25,"minecraft:rotten_flesh":16,"biomesoplenty:jacaranda_log":5,"minecraft:hay_block":14,"minecraft:iron_block":1,"minecraft:skeleton_skull":1,"minecraft:cobblestone":71,"minecraft:birch_log":1,"minecraft:iron_door":1,"minecraft:andesite":3,"minecraft:chiseled_quartz_block":5,"minecraft:oak_log":1,"minecraft:yellow_bed":1,"minecraft:gunpowder":5,"minecraft:lapis_lazuli":72,"minecraft:gray_concrete":11,"tconstruct:sky_slime_crystal_block":2,"minecraft:dirt":87,"botania:yellow_mushroom":1,"minecraft:bone":34,"minecraft:stonecutter":1,"minecraft:wheat_seeds":14,"minecraft:raw_gold":14,"botania:gray_mushroom":2,"minecraft:spruce_wood":6,"minecraft:oak_planks":2,"tconstruct:sky_slime_sapling":7,"minecraft:book":7,"botania:gray_double_flower":1,"minecraft:pumpkin":4,"minecraft:oak_pressure_plate":1,"minecraft:white_bed":2,"minecraft:spruce_log":21,"minecraft:mossy_cobblestone":1,"minecraft:bundle":2,"minecraft:light_gray_concrete":4,"minecraft:sugar":1,"minecraft:spruce_boat":3,"waystones:waystone":1,"minecraft:granite":1,"tombstone:magic_scroll":1,"minecraft:coal":150},"minecraft:custom":{"minecraft:mob_kills":61,"minecraft:interact_with_crafting_table":18,"minecraft:open_barrel":2,"minecraft:eat_cake_slice":1,"minecraft:leave_game":2,"minecraft:time_since_death":103725,"minecraft:climb_one_cm":24736,"minecraft:sprint_one_cm":282201,"minecraft:walk_one_cm":239179,"minecraft:damage_blocked_by_shield":143,"minecraft:drop":6,"minecraft:play_noteblock":2,"minecraft:play_time":103725,"minecraft:sneak_time":7438,"minecraft:walk_under_water_one_cm":3161,"minecraft:boat_one_cm":95428,"minecraft:jump":1941,"minecraft:walk_on_water_one_cm":9510,"minecraft:total_world_time":103725,"minecraft:interact_with_furnace":42,"tombstone:raider_killed":2,"minecraft:sleep_in_bed":1,"minecraft:time_since_rest":96043,"minecraft:damage_taken":2373,"minecraft:damage_dealt":10746,"minecraft:swim_one_cm":21205,"minecraft:fly_one_cm":301387,"minecraft:open_chest":97,"minecraft:crouch_one_cm":16806,"tombstone:undead_killed":46,"minecraft:fall_one_cm":53886,"minecraft:inspect_dispenser":2},"minecraft:killed":{"minecraft:witch":2,"minecraft:spider":1,"minecraft:skeleton":33,"minecraft:magma_cube":6,"minecraft:creeper":3,"minecraft:zombie":13},"minecraft:dropped":{"tconstruct:sky_slime_dirt":1,"minecraft:gray_concrete":2,"botania:gray_double_flower":1,"minecraft:rotten_flesh":1,"minecraft:light_gray_concrete":1,"minecraft:andesite":1},"minecraft:mined":{"minecraft:spruce_planks":21,"minecraft:white_bed":2,"minecraft:mossy_cobblestone":1,"tconstruct:sky_slime_crystal_block":2,"minecraft:brewing_stand":1,"minecraft:granite":1,"minecraft:ladder":9,"minecraft:grass_block":53,"minecraft:oak_pressure_plate":1,"minecraft:coal_block":7,"minecraft:composter":1,"tconstruct:sky_slime_crystal_cluster":2,"minecraft:spawner":1,"minecraft:hay_block":14,"biomesoplenty:jacaranda_log":5,"minecraft:furnace":5,"minecraft:iron_ore":45,"minecraft:andesite":2,"minecraft:moss_carpet":1,"minecraft:pumpkin":4,"minecraft:deepslate_iron_ore":6,"minecraft:bookshelf":2,"minecraft:water_cauldron":1,"minecraft:light_gray_concrete":2,"botania:yellow_mushroom":1,"minecraft:spruce_wood":6,"tconstruct:medium_sky_slime_crystal_bud":1,"minecraft:stone":68,"minecraft:iron_block":1,"minecraft:spruce_slab":2,"minecraft:podzol":15,"biomesoplenty:jacaranda_leaves":4,"botania:lime_mystical_flower":1,"minecraft:gray_concrete":6,"tconstruct:sky_sky_slime_grass":1,"minecraft:chiseled_quartz_block":7,"minecraft:crafting_table":4,"minecraft:calcite":2,"minecraft:chest":4,"botania:pink_mushroom":1,"minecraft:cobblestone":1,"minecraft:copper_ore":11,"minecraft:tall_grass":3,"minecraft:deepslate_gold_ore":9,"minecraft:lapis_ore":12,"minecraft:oak_planks":2,"minecraft:sugar_cane":17,"minecraft:iron_door":1,"minecraft:wall_torch":2,"botania:blue_mushroom":1,"minecraft:birch_log":1,"minecraft:light_gray_stained_glass":1,"minecraft:spruce_log":21,"tconstruct:skyroot_log":27,"minecraft:yellow_bed":1,"botania:gray_mushroom":2,"minecraft:grass":5,"minecraft:coal_ore":152,"minecraft:oak_log":1,"botania:gray_double_flower":1,"minecraft:smooth_quartz":8,"minecraft:dirt":19,"minecraft:cobweb":5,"minecraft:raw_copper_block":1,"minecraft:stonecutter":1,"minecraft:gold_ore":5,"minecraft:oak_leaves":6,"minecraft:deepslate":2,"tconstruct:sky_congealed_slime":50,"minecraft:fern":84},"minecraft:crafted":{"minecraft:oak_planks":4,"minecraft:coal":63,"minecraft:furnace":1,"minecraft:bow":1,"minecraft:chest":2,"minecraft:spruce_boat":1,"minecraft:wheat":126,"minecraft:spruce_sign":3,"minecraft:crafting_table":1,"minecraft:spruce_planks":80,"minecraft:iron_sword":1,"minecraft:bucket":1,"minecraft:birch_planks":4,"minecraft:stone_axe":2,"minecraft:bread":42,"minecraft:shield":1,"minecraft:stick":24,"minecraft:iron_ingot":9,"minecraft:iron_pickaxe":1,"minecraft:torch":56},"minecraft:used":{"minecraft:stone_sword":84,"minecraft:iron_shovel":138,"minecraft:spruce_slab":4,"minecraft:ladder":3,"minecraft:spruce_planks":26,"minecraft:chest":6,"minecraft:shield":5,"minecraft:stone":2,"minecraft:iron_sword":271,"tconstruct:skyroot_log":4,"minecraft:rotten_flesh":2,"minecraft:torch":44,"minecraft:dirt":73,"minecraft:granite":1,"minecraft:spruce_boat":3,"minecraft:smooth_quartz":8,"minecraft:bow":19,"minecraft:furnace":6,"tombstone:gift":2,"botania:lime_mystical_flower":1,"minecraft:calcite":2,"minecraft:spruce_sign":1,"minecraft:mossy_cobblestone":1,"minecraft:crafting_table":5,"minecraft:white_bed":2,"minecraft:chiseled_quartz_block":3,"minecraft:gray_concrete":9,"minecraft:spruce_log":7,"minecraft:redstone_torch":4,"minecraft:light_gray_concrete":3,"minecraft:bread":53,"minecraft:iron_pickaxe":373,"minecraft:oak_pressure_plate":1,"minecraft:stone_axe":119,"minecraft:cobblestone":4,"minecraft:bucket":2,"minecraft:andesite":2,"minecraft:yellow_bed":1}},"DataVersion":3120}