{"stats":{"minecraft:dropped":{"botania:fertilizer":6,"biomesoplenty:rooted_sand":32,"minecraft:diamond":7,"minecraft:item_frame":1,"minecraft:dirt":113,"minecraft:grass":52,"botania:terra_pick":22,"botania:white_mystical_flower":6,"minecraft:white_wool":1,"botania:pink_double_flower":2,"minecraft:bone":4,"minecraft:golden_chestplate":2,"minecraft:cobbled_deepslate":5050,"minecraft:nether_brick":1,"minecraft:wheat":3,"tombstone:gift":1,"minecraft:rotten_flesh":10,"minecraft:glowstone_dust":1,"minecraft:nether_brick_fence":1,"botania:manasteel_ingot":1,"minecraft:charcoal":53,"botania:mana_powder":1,"minecraft:glass":23,"minecraft:stone_brick_stairs":4,"botania:brown_petal":20,"minecraft:acacia_fence":1,"biomesoplenty:tall_lavender":2,"botania:light_gray_mystical_flower":14,"minecraft:egg":1,"minecraft:iron_ingot":25,"minecraft:wheat_seeds":36,"biomesoplenty:redwood_slab":1,"biomesoplenty:lavender":1,"minecraft:oak_fence":1,"minecraft:cobblestone":127,"minecraft:book":6,"minecraft:apple":3,"biomesoplenty:jacaranda_planks":1,"minecraft:coal":70,"minecraft:coal_block":68,"botania:light_blue_mystical_flower":36,"minecraft:oak_stairs":1,"minecraft:chainmail_leggings":1,"minecraft:string":13,"minecraft:stone_brick_slab":4,"botania:livingwood_planks":4,"minecraft:stone_sword":2,"minecraft:polished_deepslate_slab":3,"botania:mana_tablet":19,"minecraft:polished_deepslate_stairs":3,"minecraft:shroomlight":28,"minecraft:flower_pot":1,"botania:lexicon":2,"botania:livingwood_log":3,"minecraft:spruce_planks":4,"botania:twig_wand":2,"minecraft:spider_eye":3,"minecraft:stone_pressure_plate":3,"minecraft:stone_bricks":14,"botania:lime_mystical_flower":18,"botania:blue_petal":32,"minecraft:ender_pearl":10,"botania:cyan_petal":33,"minecraft:lantern":1,"minecraft:leather":1,"biomesoplenty:porous_flesh":1,"spartanweaponry:wooden_longbow":2,"minecraft:flint":2,"botania:green_mystical_flower":20,"botania:white_petal":32,"minecraft:gravel":188,"minecraft:crimson_fungus":4,"minecraft:blackstone":10,"minecraft:mossy_stone_brick_slab":1,"botania:livingwood":3,"minecraft:gunpowder":1,"minecraft:beetroot_seeds":3,"minecraft:chest":2,"minecraft:iron_bars":1,"minecraft:arrow":8,"biomesoplenty:flesh":4,"minecraft:netherrack":116,"minecraft:bread":16,"justhammers:diamond_hammer":1,"botania:red_petal":9,"minecraft:observer":1,"minecraft:grass_block":1,"minecraft:stick":6,"botania:livingwood_twig":32,"minecraft:repeater":4,"biomesoplenty:redwood_stairs":1,"minecraft:bucket":2,"minecraft:dandelion":9,"minecraft:redstone":10,"minecraft:polished_deepslate":112,"minecraft:nether_wart":1,"botania:gray_petal":1,"minecraft:raw_copper":9,"botania:light_gray_petal":16,"minecraft:tuff":235,"minecraft:raw_iron":5,"minecraft:deepslate_bricks":8,"minecraft:filled_map":1,"botania:cyan_mystical_flower":17,"botania:pink_mystical_flower":2,"minecraft:wooden_pickaxe":1,"minecraft:raw_gold":3,"botania:magenta_mystical_flower":4},"minecraft:custom":{"minecraft:interact_with_crafting_table":123,"minecraft:open_barrel":1,"minecraft:bell_ring":4,"minecraft:leave_game":5,"minecraft:time_since_death":191731,"minecraft:play_time":611386,"minecraft:deaths":12,"minecraft:jump":8249,"minecraft:interact_with_furnace":98,"minecraft:sleep_in_bed":7,"minecraft:waystone_activated":12,"minecraft:damage_dealt":31840,"tombstone:undead_killed":84,"minecraft:sneak_time":22811,"minecraft:interact_with_blast_furnace":19,"minecraft:total_world_time":611386,"tombstone:raider_killed":1,"minecraft:time_since_rest":31167,"minecraft:swim_one_cm":46208,"minecraft:fly_one_cm":2010027,"minecraft:open_chest":929,"minecraft:fall_one_cm":169569,"minecraft:sprint_one_cm":1530637,"minecraft:drop":815,"minecraft:talked_to_villager":5,"minecraft:walk_on_water_one_cm":40968,"minecraft:player_kills":1,"minecraft:crouch_one_cm":79555,"minecraft:mob_kills":195,"minecraft:climb_one_cm":94428,"minecraft:walk_one_cm":1584395,"minecraft:walk_under_water_one_cm":11735,"minecraft:damage_taken":8246},"minecraft:broken":{"justhammers:stone_hammer":8,"minecraft:iron_pickaxe":1,"minecraft:stone_axe":1,"justhammers:iron_hammer":2},"minecraft:mined":{"botania:mana_pool":5,"minecraft:white_bed":14,"botania:red_mystical_flower":1,"minecraft:obsidian":351,"biomesoplenty:burning_blossom":15,"minecraft:chiseled_polished_blackstone":49,"botania:livingwood_log":37,"biomesoplenty:eyebulb":2,"minecraft:deepslate_bricks":55,"minecraft:coal_block":69,"botania:black_double_flower":1,"biomesoplenty:rooted_sand":34,"minecraft:hopper":1,"minecraft:nether_wart":20,"minecraft:oxeye_daisy":2,"botania:light_gray_mystical_flower":17,"minecraft:polished_blackstone_bricks":256,"ironchest:crystal_chest":1,"botania:purple_mystical_flower":10,"minecraft:magma_block":3,"biomesoplenty:tall_lavender":1,"minecraft:cobbled_deepslate":126,"minecraft:fire":21,"ironchest:gold_chest":2,"biomesoplenty:lavender":12,"minecraft:deepslate_lapis_ore":31,"biomesoplenty:hellbark_log":1,"minecraft:polished_deepslate_slab":21,"minecraft:deepslate_brick_stairs":3,"botania:brown_mystical_flower":16,"minecraft:iron_block":2,"botania:light_blue_mystical_flower":30,"botania:green_mystical_flower":10,"minecraft:brown_mushroom":10,"minecraft:deepslate_brick_wall":15,"biomesoplenty:blackstone_spines":57,"minecraft:blast_furnace":4,"minecraft:dead_bush":10,"botania:endoflame":4,"minecraft:sugar_cane":33,"minecraft:damaged_anvil":1,"botania:black_mystical_flower":12,"minecraft:wheat":57,"minecraft:lilac":19,"minecraft:stone_brick_stairs":1,"minecraft:grass":333,"minecraft:deepslate":9693,"botania:magenta_mushroom":1,"botania:orange_double_flower":1,"biomesoplenty:desert_grass":1,"minecraft:allium":1,"botania:cyan_double_flower":11,"biomesoplenty:dead_grass":4,"minecraft:potted_bamboo":2,"minecraft:red_mushroom":1,"biomesoplenty:jacaranda_log":15,"botania:magenta_mystical_flower":2,"minecraft:polished_blackstone_button":1,"biomesoplenty:flesh":5,"minecraft:potatoes":7,"botania:mana_spreader":7,"minecraft:bone_block":3,"minecraft:smithing_table":4,"biomesoplenty:porous_flesh":1,"botania:lime_mystical_flower":10,"minecraft:glass_pane":2,"minecraft:soul_sand":1,"minecraft:potted_lily_of_the_valley":4,"minecraft:stone_brick_slab":5,"minecraft:observer":1,"minecraft:polished_blackstone_brick_wall":27,"minecraft:dandelion":10,"minecraft:cornflower":1,"minecraft:campfire":9,"minecraft:tall_grass":94,"minecraft:copper_ore":12,"minecraft:deepslate_gold_ore":23,"minecraft:spruce_log":36,"botania:white_mystical_flower":6,"minecraft:gravel":547,"botania:gray_mystical_flower":10,"minecraft:cobweb":1,"minecraft:polished_blackstone":28,"minecraft:stone_bricks":12,"minecraft:fern":3,"minecraft:oak_sapling":1,"minecraft:mossy_stone_brick_slab":1,"botania:pink_double_flower":1,"minecraft:brewing_stand":1,"minecraft:grass_block":98,"minecraft:cracked_polished_blackstone_bricks":43,"minecraft:polished_blackstone_brick_slab":1,"biomesoplenty:pus_bubble":3,"biomesoplenty:blackstone_bulb":8,"botania:apothecary_default":4,"minecraft:raw_iron_block":1,"minecraft:glowstone":26,"minecraft:iron_ore":16,"minecraft:anvil":1,"minecraft:iron_bars":9,"tconstruct:ichor_congealed_slime":1,"minecraft:deepslate_redstone_ore":49,"botania:orange_mystical_flower":16,"minecraft:blackstone":1827,"minecraft:magenta_wall_banner":1,"minecraft:polished_deepslate_stairs":6,"minecraft:calcite":3,"minecraft:poppy":3,"botania:hydroangeas":4,"minecraft:chest":4,"minecraft:cobblestone":51,"botania:blue_mystical_flower":17,"botania:blue_double_flower":9,"minecraft:deepslate_copper_ore":2,"minecraft:nether_wart_block":1,"minecraft:lapis_block":4,"minecraft:birch_log":6,"biomesoplenty:hair":2,"ironchest:diamond_chest":1,"biomesoplenty:clover":1,"minecraft:oak_log":59,"minecraft:beetroots":3,"botania:gray_double_flower":1,"minecraft:acacia_fence":1,"minecraft:sand":177,"minecraft:dirt":250,"minecraft:netherrack":386,"minecraft:polished_deepslate_wall":27,"minecraft:oak_leaves":68,"minecraft:nether_gold_ore":10,"minecraft:crying_obsidian":42,"minecraft:tuff":485,"botania:terra_plate":1,"minecraft:deepslate_diamond_ore":27,"biomesoplenty:bush":61,"tconstruct:earth_slime_crystal_block":14,"botania:brown_double_flower":1,"minecraft:white_stained_glass":4,"minecraft:spruce_leaves":13,"minecraft:hay_block":17,"minecraft:deepslate_brick_slab":7,"minecraft:furnace":8,"minecraft:carrots":17,"tconstruct:budding_earth_slime_crystal":1,"botania:runic_altar":1,"biomesoplenty:willow_vine":2,"minecraft:gold_block":2,"minecraft:bell":4,"minecraft:polished_deepslate":622,"minecraft:bookshelf":26,"minecraft:deepslate_iron_ore":27,"minecraft:shroomlight":42,"botania:livingrock":59,"tconstruct:blood_slime_leaves":4,"minecraft:lantern":5,"botania:pure_daisy":4,"minecraft:stone":825,"minecraft:podzol":57,"botania:white_buried_petals":1,"minecraft:crafting_table":7,"minecraft:rose_bush":8,"minecraft:lectern":1,"biomesoplenty:sprout":28,"minecraft:lapis_ore":3,"minecraft:polished_blackstone_brick_stairs":12,"botania:white_double_flower":12,"botania:pink_mystical_flower":2,"botania:cyan_mystical_flower":12,"botania:red_double_flower":3,"minecraft:yellow_bed":2,"minecraft:coal_ore":54,"botania:yellow_mystical_flower":10},"minecraft:killed_by":{"minecraft:zombie":4,"minecraft:ghast":1,"minecraft:creeper":1,"minecraft:witch":1,"minecraft:enderman":2,"minecraft:hoglin":1},"minecraft:used":{"botania:white_petal":13,"minecraft:ladder":66,"minecraft:chest":14,"minecraft:stone":55,"minecraft:rotten_flesh":1,"ironchest:iron_chest":1,"minecraft:deepslate_brick_slab":38,"minecraft:lava_bucket":11,"minecraft:stone_brick_stairs":6,"minecraft:furnace":8,"minecraft:oak_sapling":1,"minecraft:deepslate_brick_wall":64,"botania:livingrock":8,"minecraft:blackstone":115,"minecraft:wooden_pickaxe":12,"minecraft:oak_leaves":3,"minecraft:deepslate_brick_stairs":42,"botania:pure_daisy":7,"minecraft:oak_trapdoor":1,"minecraft:polished_blackstone_brick_slab":32,"minecraft:stone_sword":44,"minecraft:netherrack":324,"botania:spark":2,"minecraft:shroomlight":38,"botania:red_petal":3,"minecraft:iron_axe":142,"minecraft:polished_deepslate_wall":27,"minecraft:glowstone":10,"botania:mana_pool":9,"minecraft:cobbled_deepslate":193,"minecraft:water_bucket":37,"botania:endoflame":4,"botania:mana_spreader":8,"minecraft:deepslate_bricks":186,"minecraft:polished_blackstone_bricks":146,"minecraft:polished_deepslate_slab":42,"minecraft:crafting_table":7,"justhammers:diamond_hammer":9,"minecraft:white_bed":13,"botania:apothecary_default":4,"minecraft:spruce_log":4,"justhammers:iron_hammer":278,"minecraft:oak_log":51,"minecraft:iron_pickaxe":420,"minecraft:spruce_sapling":4,"minecraft:cobblestone":121,"minecraft:iron_shovel":46,"minecraft:polished_deepslate":1526,"botania:floating_pure_daisy":4,"minecraft:bell":2,"minecraft:carrot":2,"botania:terra_sword":45,"minecraft:obsidian":88,"minecraft:polished_deepslate_stairs":146,"minecraft:lantern":19,"minecraft:polished_blackstone_brick_wall":82,"minecraft:stone_bricks":49,"minecraft:item_frame":1,"botania:runic_altar":1,"minecraft:stone_pickaxe":117,"minecraft:ender_pearl":1,"botania:fertilizer":15,"minecraft:shears":46,"botania:terra_pick":16223,"waystones:waystone":5,"minecraft:bread":131,"botania:blue_petal":8,"minecraft:gravel":158,"ironchest:crystal_chest":4,"minecraft:bone_meal":37,"spartanweaponry:iron_scythe":90,"minecraft:experience_bottle":1,"botania:hydroangeas":21,"minecraft:oak_fence":8,"minecraft:flint_and_steel":2,"minecraft:dirt":49,"ironchest:diamond_chest":1,"botania:twig_wand":163,"minecraft:oak_stairs":4,"minecraft:polished_blackstone_brick_stairs":44,"ironchest:gold_chest":3,"minecraft:cooked_mutton":8,"botania:terra_plate":1,"spartanweaponry:iron_katana":264,"minecraft:cracked_polished_blackstone_bricks":3,"botania:floating_endoflame":4,"justhammers:stone_hammer":826,"minecraft:stone_axe":191,"botania:cyan_petal":11,"minecraft:bucket":76,"minecraft:lapis_block":4,"minecraft:yellow_bed":2},"minecraft:picked_up":{"minecraft:flower_pot":7,"minecraft:anvil":1,"minecraft:smithing_table":4,"botania:black_double_flower":2,"minecraft:oak_stairs":1,"minecraft:brewing_stand":1,"minecraft:polished_deepslate_wall":27,"botania:mana_tablet":19,"minecraft:polished_deepslate":358,"minecraft:polished_blackstone_brick_stairs":12,"minecraft:string":21,"biomesoplenty:tall_lavender":1,"minecraft:shroomlight":69,"minecraft:gold_nugget":42,"minecraft:cobbled_deepslate":9153,"botania:hydroangeas":21,"minecraft:coal_block":153,"minecraft:polished_blackstone_brick_slab":1,"ironchest:gold_chest":2,"ironchest:diamond_chest":1,"minecraft:golden_chestplate":2,"botania:white_mystical_flower":15,"botania:manasteel_ingot":32,"minecraft:stone_sword":2,"botania:orange_double_flower":2,"botania:livingrock":83,"minecraft:iron_block":4,"tconstruct:earth_slime_crystal_block":14,"botania:livingwood_log":54,"minecraft:blaze_rod":2,"botania:blue_double_flower":9,"minecraft:iron_bars":10,"minecraft:birch_log":6,"biomesoplenty:lavender":12,"minecraft:magma_block":2,"spartanweaponry:iron_battleaxe":1,"minecraft:flint":40,"minecraft:lantern":22,"botania:white_double_flower":12,"minecraft:glowstone_dust":71,"botania:mana_pool":5,"botania:red_mystical_flower":1,"botania:gray_double_flower":2,"minecraft:chiseled_polished_blackstone":44,"botania:pink_double_flower":4,"biomesoplenty:hellbark_log":1,"minecraft:bundle":3,"botania:gray_petal":10,"minecraft:crafting_table":7,"minecraft:nether_wart":20,"botania:endoflame":8,"botania:pure_daisy":12,"minecraft:beef":31,"minecraft:poppy":4,"minecraft:chest":6,"minecraft:birch_sapling":1,"minecraft:egg":2,"minecraft:polished_deepslate_slab":37,"botania:terra_plate":1,"minecraft:carrot":13,"minecraft:redstone":298,"botania:runic_altar":1,"biomesoplenty:jacaranda_log":15,"minecraft:beetroot_seeds":3,"botania:apothecary_default":4,"minecraft:deepslate_bricks":59,"botania:blue_mystical_flower":26,"minecraft:hay_block":16,"tombstone:essence_of_undeath":1,"minecraft:gold_ingot":18,"minecraft:polished_blackstone":19,"botania:green_mystical_flower":40,"minecraft:mutton":7,"minecraft:bone_block":3,"minecraft:white_wool":5,"minecraft:oxeye_daisy":1,"botania:light_blue_petal":20,"botania:rune_earth":2,"botania:rune_fire":2,"minecraft:filled_map":1,"botania:red_petal":7,"minecraft:oak_log":59,"botania:rune_mana":1,"minecraft:apple":2,"minecraft:stone_bricks":22,"minecraft:iron_sword":2,"botania:cyan_petal":2,"botania:mana_spreader":7,"minecraft:gravel":369,"minecraft:spruce_sapling":4,"minecraft:spruce_log":36,"botania:rune_air":4,"minecraft:crying_obsidian":41,"biomesoplenty:redwood_stairs":1,"botania:red_double_flower":3,"botania:orange_mystical_flower":31,"minecraft:gray_wool":1,"minecraft:polished_blackstone_brick_wall":27,"botania:brown_mystical_flower":24,"minecraft:hopper":1,"minecraft:ender_pearl":17,"biomesoplenty:burning_blossom":14,"minecraft:wheat":48,"minecraft:nether_brick_fence":1,"minecraft:stone_brick_stairs":4,"botania:rune_water":4,"botania:livingwood_twig":29,"minecraft:lapis_block":4,"botania:mana_pearl":7,"minecraft:raw_copper":80,"minecraft:zombie_head":2,"minecraft:experience_bottle":1,"biomesoplenty:redwood_slab":1,"botania:mana_powder":18,"minecraft:bucket":1,"minecraft:rose_bush":5,"minecraft:calcite":1,"minecraft:iron_pickaxe":1,"minecraft:furnace":7,"minecraft:stick":20,"botania:lexicon":1,"botania:cyan_double_flower":11,"minecraft:acacia_fence":1,"ironchest:crystal_chest":1,"minecraft:deepslate_brick_wall":13,"minecraft:polished_deepslate_stairs":5,"minecraft:oak_fence":1,"minecraft:torch":3,"botania:yellow_mystical_flower":18,"minecraft:porkchop":4,"tombstone:grave_dust":6,"minecraft:rotten_flesh":25,"botania:light_gray_mystical_flower":31,"botania:spark":2,"minecraft:deepslate_brick_stairs":3,"minecraft:obsidian":333,"minecraft:cobblestone":1153,"tconstruct:seared_bricks":1,"minecraft:lilac":18,"minecraft:magma_cream":1,"minecraft:repeater":4,"minecraft:potato":6,"minecraft:tuff":470,"minecraft:wither_skeleton_skull":5,"botania:magenta_mushroom":1,"minecraft:lapis_lazuli":315,"minecraft:dirt":320,"botania:mana_diamond":6,"minecraft:bone":26,"botania:cyan_mystical_flower":33,"minecraft:wheat_seeds":172,"botania:pink_mystical_flower":5,"minecraft:deepslate_brick_slab":7,"minecraft:raw_gold":39,"botania:purple_mystical_flower":16,"minecraft:bell":3,"spartanweaponry:enderman_head":2,"minecraft:bamboo":2,"botania:gray_mystical_flower":14,"minecraft:ghast_tear":1,"tconstruct:necrotic_bone":23,"minecraft:sand":172,"botania:blue_petal":7,"minecraft:grass_block":1,"minecraft:lily_of_the_valley":4,"minecraft:diamond":30,"waystones:waystone":5,"botania:fertilizer":9,"minecraft:cracked_polished_blackstone_bricks":40,"botania:grass_seeds":52,"minecraft:grass":52,"minecraft:emerald":4,"minecraft:netherrack":1677,"minecraft:oak_sapling":11,"minecraft:charcoal":60,"minecraft:allium":1,"botania:brown_double_flower":1,"biomesoplenty:flesh":6,"minecraft:brown_mushroom":8,"minecraft:gold_block":2,"minecraft:item_frame":6,"botania:magenta_mystical_flower":8,"minecraft:blackstone":1516,"minecraft:observer":1,"minecraft:lectern":1,"minecraft:sugar_cane":79,"minecraft:raw_iron":115,"minecraft:copper_ingot":10,"minecraft:polished_blackstone_bricks":240,"tconstruct:ichor_slime_ball":4,"minecraft:stone_pressure_plate":3,"botania:terrasteel_ingot":2,"minecraft:arrow":20,"botania:lime_mystical_flower":37,"minecraft:nether_bricks":30,"minecraft:skeleton_skull":3,"botania:terra_pick":22,"botania:twig_wand":3,"minecraft:magenta_banner":1,"minecraft:leather":12,"biomesoplenty:jacaranda_planks":11,"minecraft:yellow_bed":2,"minecraft:nether_wart_block":1,"minecraft:gunpowder":4,"botania:light_gray_petal":6,"botania:light_blue_mystical_flower":83,"botania:black_mystical_flower":24,"minecraft:cooked_mutton":1,"minecraft:iron_ingot":22,"minecraft:soul_sand":1,"minecraft:book":86,"minecraft:stone_brick_slab":5,"minecraft:quartz":4,"minecraft:dandelion":17,"minecraft:raw_iron_block":1,"biomesoplenty:porous_flesh":1,"biomesoplenty:rooted_sand":32,"minecraft:blast_furnace":4,"botania:white_petal":23,"minecraft:white_bed":14,"minecraft:mossy_stone_brick_slab":1,"minecraft:spider_eye":4,"minecraft:chainmail_leggings":2,"minecraft:damaged_anvil":1,"minecraft:coal":85},"minecraft:killed":{"minecraft:skeleton":28,"minecraft:magma_cube":19,"minecraft:iron_golem":4,"minecraft:zombie":33,"minecraft:cow":15,"minecraft:enderman":30,"minecraft:witch":1,"minecraft:spider":15,"minecraft:piglin_brute":2,"minecraft:piglin":5,"minecraft:pig":1,"minecraft:creeper":3,"minecraft:sheep":6,"minecraft:ghast":1,"minecraft:blaze":3,"minecraft:hoglin":3,"minecraft:wither_skeleton":23},"minecraft:crafted":{"botania:green_petal":20,"botania:manasteel_block":1,"minecraft:polished_deepslate_wall":60,"botania:purple_petal":18,"minecraft:blaze_powder":4,"botania:mana_pool":5,"minecraft:nether_brick":44,"botania:cyan_shiny_flower":1,"minecraft:cooked_mutton":8,"ironchest:crystal_chest":3,"botania:red_petal":14,"minecraft:deepslate_brick_stairs":40,"minecraft:glass":179,"botania:twig_wand":2,"botania:cyan_floating_flower":1,"minecraft:polished_blackstone":384,"minecraft:magenta_dye":36,"botania:light_gray_petal":22,"botania:lime_floating_flower":1,"minecraft:copper_ingot":34,"botania:white_floating_flower":1,"minecraft:polished_deepslate_slab":48,"botania:runic_altar":1,"minecraft:gold_ingot":33,"botania:blue_shiny_flower":2,"minecraft:polished_blackstone_bricks":384,"minecraft:polished_deepslate_stairs":352,"botania:blue_petal":66,"minecraft:bone_meal":87,"minecraft:white_carpet":3,"botania:black_petal":28,"minecraft:deepslate_brick_wall":114,"botania:orange_floating_flower":1,"minecraft:ladder":81,"botania:white_petal":58,"botania:pink_floating_flower":1,"minecraft:stone_pickaxe":2,"botania:light_blue_petal":56,"minecraft:wheat":144,"botania:pink_petal":6,"ironchest:gold_chest":4,"minecraft:polished_blackstone_brick_slab":102,"botania:mana_spreader":3,"minecraft:deepslate_brick_slab":42,"botania:white_shiny_flower":1,"botania:lexicon":2,"minecraft:bone":12,"minecraft:glowstone":10,"minecraft:polished_blackstone_brick_wall":120,"minecraft:iron_shovel":1,"botania:terra_sword":1,"botania:pink_shiny_flower":1,"minecraft:oak_planks":84,"botania:livingwood_planks":16,"botania:yellow_shiny_flower":2,"botania:floating_pure_daisy":4,"minecraft:stone":54,"botania:lime_shiny_flower":1,"botania:gray_petal":24,"botania:livingwood":3,"minecraft:chest":18,"minecraft:stone_bricks":16,"botania:cyan_petal":64,"biomesoplenty:jacaranda_planks":60,"botania:terra_plate":1,"minecraft:crafting_table":2,"minecraft:spruce_planks":128,"minecraft:wooden_pickaxe":1,"botania:light_blue_shiny_flower":1,"botania:lime_petal":18,"ironchest:diamond_chest":3,"minecraft:yellow_dye":6,"botania:light_gray_shiny_flower":1,"minecraft:stick":260,"botania:yellow_floating_flower":2,"minecraft:iron_ingot":101,"minecraft:stone_sword":1,"minecraft:polished_blackstone_brick_stairs":56,"botania:apothecary_default":1,"minecraft:deepslate_bricks":380,"minecraft:shears":1,"botania:brown_petal":36,"botania:spark":2,"minecraft:raw_iron":9,"minecraft:coal":81,"minecraft:fishing_rod":1,"minecraft:furnace":1,"botania:terra_pick":1,"botania:floating_endoflame":4,"minecraft:flint_and_steel":1,"minecraft:polished_deepslate":2664,"minecraft:iron_axe":1,"botania:manasteel_chestplate":1,"botania:blue_floating_flower":2,"botania:light_blue_floating_flower":1,"minecraft:red_dye":14,"botania:fertilizer":15,"botania:yellow_petal":16,"ironchest:copper_chest":3,"minecraft:bucket":2,"botania:light_gray_floating_flower":1,"minecraft:stone_axe":1,"minecraft:bread":63,"minecraft:air":0,"botania:orange_petal":34,"justhammers:iron_hammer":2,"minecraft:gold_nugget":9,"justhammers:stone_hammer":12,"minecraft:white_dye":4,"botania:magenta_petal":4,"botania:orange_shiny_flower":1,"minecraft:lapis_lazuli":72,"minecraft:lapis_block":11,"ironchest:iron_chest":5}},"DataVersion":3120}