{"stats":{"minecraft:killed_by":{"minecraft:witch":1},"minecraft:picked_up":{"minecraft:oak_sapling":1},"minecraft:custom":{"minecraft:jump":20,"minecraft:time_since_rest":1177,"minecraft:crouch_one_cm":56,"minecraft:deaths":1,"minecraft:sprint_one_cm":3107,"minecraft:play_time":2505,"minecraft:damage_taken":300,"minecraft:time_since_death":1430,"minecraft:walk_one_cm":1980,"minecraft:sneak_time":148,"minecraft:total_world_time":2505,"minecraft:fall_one_cm":836,"minecraft:fly_one_cm":72010,"minecraft:open_chest":2},"minecraft:mined":{"minecraft:oak_leaves":1}},"DataVersion":3120}