{"stats":{"minecraft:broken":{"justhammers:stone_hammer":8,"minecraft:stone_axe":1,"justhammers:iron_hammer":2,"minecraft:iron_pickaxe":1},"minecraft:killed_by":{"minecraft:ghast":1,"minecraft:creeper":1,"minecraft:witch":1,"minecraft:zombie":4,"minecraft:enderman":2,"minecraft:hoglin":1},"minecraft:picked_up":{"biomesoplenty:burning_blossom":14,"minecraft:wheat":48,"minecraft:flower_pot":7,"minecraft:nether_brick_fence":1,"minecraft:anvil":1,"minecraft:smithing_table":4,"botania:black_double_flower":2,"minecraft:oak_stairs":1,"minecraft:stone_brick_stairs":3,"botania:rune_water":4,"botania:livingwood_twig":29,"minecraft:lapis_block":4,"minecraft:brewing_stand":1,"botania:mana_tablet":17,"botania:mana_pearl":7,"minecraft:polished_deepslate":239,"minecraft:string":11,"minecraft:raw_copper":80,"biomesoplenty:tall_lavender":1,"minecraft:experience_bottle":1,"minecraft:zombie_head":2,"minecraft:gold_nugget":42,"minecraft:cobbled_deepslate":7818,"botania:mana_powder":18,"minecraft:bucket":1,"minecraft:rose_bush":5,"botania:hydroangeas":21,"minecraft:calcite":1,"minecraft:iron_pickaxe":1,"minecraft:coal_block":153,"minecraft:furnace":7,"ironchest:crystal_chest":1,"botania:lexicon":1,"minecraft:stick":20,"botania:cyan_double_flower":11,"minecraft:acacia_fence":1,"minecraft:polished_deepslate_stairs":2,"minecraft:oak_fence":1,"minecraft:torch":3,"botania:yellow_mystical_flower":16,"minecraft:porkchop":4,"ironchest:gold_chest":2,"tombstone:grave_dust":6,"ironchest:diamond_chest":1,"botania:white_mystical_flower":14,"botania:manasteel_ingot":32,"minecraft:stone_sword":2,"minecraft:rotten_flesh":17,"botania:orange_double_flower":2,"botania:light_gray_mystical_flower":30,"botania:livingrock":83,"botania:spark":2,"minecraft:iron_block":4,"tconstruct:earth_slime_crystal_block":14,"botania:livingwood_log":54,"minecraft:blaze_rod":2,"botania:blue_double_flower":9,"minecraft:obsidian":12,"minecraft:iron_bars":10,"minecraft:cobblestone":1107,"tconstruct:seared_bricks":1,"biomesoplenty:lavender":11,"minecraft:birch_log":6,"minecraft:lilac":18,"minecraft:magma_cream":1,"minecraft:repeater":4,"spartanweaponry:iron_battleaxe":1,"minecraft:potato":6,"minecraft:flint":38,"minecraft:tuff":409,"minecraft:wither_skeleton_skull":5,"botania:magenta_mushroom":1,"minecraft:lapis_lazuli":280,"minecraft:dirt":222,"minecraft:lantern":19,"botania:white_double_flower":12,"botania:mana_diamond":6,"minecraft:bone":26,"botania:cyan_mystical_flower":32,"minecraft:wheat_seeds":172,"botania:pink_mystical_flower":4,"minecraft:raw_gold":39,"botania:purple_mystical_flower":16,"minecraft:bell":2,"spartanweaponry:enderman_head":2,"minecraft:bamboo":2,"botania:gray_mystical_flower":14,"botania:mana_pool":5,"minecraft:ghast_tear":1,"tconstruct:necrotic_bone":19,"botania:red_mystical_flower":1,"botania:gray_double_flower":2,"botania:pink_double_flower":4,"minecraft:sand":172,"botania:blue_petal":7,"minecraft:grass_block":1,"minecraft:lily_of_the_valley":4,"biomesoplenty:hellbark_log":1,"minecraft:bundle":3,"minecraft:diamond":30,"waystones:waystone":5,"botania:fertilizer":9,"minecraft:emerald":4,"minecraft:oak_sapling":11,"botania:gray_petal":10,"minecraft:netherrack":1525,"minecraft:charcoal":60,"minecraft:crafting_table":7,"minecraft:allium":1,"botania:brown_double_flower":1,"minecraft:nether_wart":20,"minecraft:brown_mushroom":8,"biomesoplenty:flesh":5,"botania:endoflame":8,"minecraft:item_frame":6,"botania:magenta_mystical_flower":8,"minecraft:blackstone":10,"botania:pure_daisy":8,"minecraft:beef":31,"minecraft:observer":1,"minecraft:poppy":4,"minecraft:lectern":1,"minecraft:sugar_cane":74,"minecraft:chest":6,"minecraft:birch_sapling":1,"minecraft:egg":1,"minecraft:raw_iron":114,"minecraft:polished_deepslate_slab":34,"minecraft:copper_ingot":10,"botania:terra_plate":1,"minecraft:carrot":13,"minecraft:redstone":290,"minecraft:stone_pressure_plate":3,"botania:terrasteel_ingot":2,"botania:runic_altar":1,"minecraft:arrow":20,"botania:lime_mystical_flower":36,"biomesoplenty:jacaranda_log":15,"minecraft:beetroot_seeds":3,"minecraft:nether_bricks":30,"botania:apothecary_default":4,"minecraft:hay_block":16,"botania:blue_mystical_flower":24,"tombstone:essence_of_undeath":1,"minecraft:gold_ingot":18,"botania:green_mystical_flower":40,"minecraft:mutton":7,"minecraft:bone_block":3,"botania:terra_pick":22,"minecraft:skeleton_skull":3,"minecraft:white_wool":5,"minecraft:oxeye_daisy":1,"botania:light_blue_petal":20,"botania:twig_wand":3,"minecraft:magenta_banner":1,"botania:rune_fire":2,"minecraft:leather":12,"botania:rune_earth":2,"minecraft:filled_map":1,"botania:red_petal":7,"minecraft:oak_log":59,"botania:rune_mana":1,"minecraft:yellow_bed":2,"minecraft:nether_wart_block":1,"biomesoplenty:jacaranda_planks":11,"minecraft:gunpowder":4,"botania:light_gray_petal":6,"botania:light_blue_mystical_flower":82,"botania:black_mystical_flower":24,"minecraft:cooked_mutton":1,"minecraft:apple":2,"minecraft:stone_bricks":22,"minecraft:iron_ingot":22,"botania:cyan_petal":2,"minecraft:iron_sword":2,"botania:mana_spreader":7,"minecraft:book":86,"minecraft:stone_brick_slab":3,"minecraft:quartz":4,"minecraft:dandelion":17,"minecraft:raw_iron_block":1,"minecraft:gravel":334,"biomesoplenty:porous_flesh":1,"biomesoplenty:rooted_sand":32,"minecraft:spruce_sapling":4,"minecraft:blast_furnace":4,"minecraft:white_bed":14,"botania:white_petal":23,"minecraft:spruce_log":36,"botania:rune_air":4,"minecraft:spider_eye":2,"botania:red_double_flower":3,"minecraft:chainmail_leggings":2,"botania:orange_mystical_flower":30,"minecraft:gray_wool":1,"minecraft:damaged_anvil":1,"botania:brown_mystical_flower":24,"minecraft:coal":83,"minecraft:hopper":1,"minecraft:ender_pearl":13},"minecraft:custom":{"minecraft:interact_with_crafting_table":100,"minecraft:open_barrel":1,"minecraft:bell_ring":4,"minecraft:leave_game":4,"minecraft:time_since_death":25945,"minecraft:sprint_one_cm":1236760,"minecraft:drop":714,"minecraft:talked_to_villager":5,"minecraft:play_time":445600,"minecraft:deaths":12,"minecraft:jump":6556,"minecraft:walk_on_water_one_cm":28530,"minecraft:interact_with_furnace":91,"minecraft:sleep_in_bed":6,"minecraft:waystone_activated":11,"minecraft:damage_dealt":29724,"minecraft:player_kills":1,"minecraft:crouch_one_cm":62135,"tombstone:undead_killed":74,"minecraft:mob_kills":162,"minecraft:climb_one_cm":94428,"minecraft:walk_one_cm":1047014,"minecraft:sneak_time":18226,"minecraft:walk_under_water_one_cm":8246,"minecraft:interact_with_blast_furnace":19,"minecraft:total_world_time":445600,"tombstone:raider_killed":1,"minecraft:time_since_rest":25236,"minecraft:damage_taken":7411,"minecraft:swim_one_cm":24998,"minecraft:fly_one_cm":1642445,"minecraft:open_chest":787,"minecraft:fall_one_cm":138453},"minecraft:killed":{"minecraft:witch":1,"minecraft:spider":12,"minecraft:skeleton":27,"minecraft:magma_cube":19,"minecraft:pig":1,"minecraft:iron_golem":4,"minecraft:creeper":2,"minecraft:sheep":6,"minecraft:zombie":28,"minecraft:ghast":1,"minecraft:blaze":3,"minecraft:cow":15,"minecraft:hoglin":2,"minecraft:wither_skeleton":19,"minecraft:enderman":19},"minecraft:dropped":{"botania:fertilizer":6,"biomesoplenty:rooted_sand":32,"minecraft:diamond":7,"minecraft:ender_pearl":10,"botania:cyan_petal":33,"minecraft:lantern":1,"biomesoplenty:porous_flesh":1,"spartanweaponry:wooden_longbow":2,"minecraft:item_frame":1,"minecraft:dirt":78,"botania:green_mystical_flower":20,"botania:terra_pick":22,"botania:white_petal":32,"botania:white_mystical_flower":6,"minecraft:white_wool":1,"minecraft:bone":4,"botania:pink_double_flower":2,"minecraft:gravel":153,"minecraft:cobbled_deepslate":5018,"minecraft:nether_brick":1,"minecraft:wheat":3,"tombstone:gift":1,"minecraft:rotten_flesh":4,"minecraft:nether_brick_fence":1,"botania:manasteel_ingot":1,"botania:livingwood":3,"minecraft:gunpowder":1,"minecraft:charcoal":53,"minecraft:beetroot_seeds":3,"botania:mana_powder":1,"minecraft:chest":2,"minecraft:iron_bars":1,"minecraft:arrow":8,"minecraft:glass":23,"biomesoplenty:flesh":3,"minecraft:stone_brick_stairs":3,"botania:brown_petal":20,"minecraft:acacia_fence":1,"biomesoplenty:tall_lavender":2,"botania:light_gray_mystical_flower":14,"minecraft:iron_ingot":25,"minecraft:bread":16,"minecraft:wheat_seeds":36,"botania:red_petal":9,"minecraft:oak_fence":1,"minecraft:cobblestone":127,"minecraft:book":6,"minecraft:observer":1,"minecraft:apple":3,"biomesoplenty:jacaranda_planks":1,"minecraft:grass_block":1,"minecraft:coal":69,"minecraft:coal_block":68,"minecraft:stick":3,"botania:light_blue_mystical_flower":36,"botania:livingwood_twig":32,"minecraft:repeater":4,"minecraft:oak_stairs":1,"minecraft:chainmail_leggings":1,"minecraft:string":3,"minecraft:bucket":2,"minecraft:redstone":10,"minecraft:dandelion":9,"minecraft:stone_brick_slab":2,"minecraft:polished_deepslate":108,"botania:livingwood_planks":4,"botania:gray_petal":1,"minecraft:nether_wart":1,"minecraft:stone_sword":2,"minecraft:raw_copper":9,"botania:light_gray_petal":16,"minecraft:tuff":174,"minecraft:raw_iron":4,"botania:mana_tablet":17,"minecraft:filled_map":1,"minecraft:flower_pot":1,"botania:lexicon":2,"botania:cyan_mystical_flower":17,"botania:livingwood_log":3,"minecraft:spruce_planks":4,"botania:twig_wand":2,"minecraft:spider_eye":1,"minecraft:stone_pressure_plate":3,"minecraft:stone_bricks":14,"botania:pink_mystical_flower":2,"minecraft:wooden_pickaxe":1,"minecraft:raw_gold":3,"botania:lime_mystical_flower":18,"botania:magenta_mystical_flower":4,"botania:blue_petal":32},"minecraft:mined":{"botania:mana_pool":5,"minecraft:white_bed":14,"minecraft:oak_sapling":1,"botania:red_mystical_flower":1,"botania:pink_double_flower":1,"minecraft:obsidian":12,"minecraft:brewing_stand":1,"biomesoplenty:burning_blossom":15,"botania:livingwood_log":37,"minecraft:grass_block":79,"biomesoplenty:eyebulb":1,"biomesoplenty:rooted_sand":34,"minecraft:coal_block":69,"botania:black_double_flower":1,"minecraft:hopper":1,"minecraft:oxeye_daisy":2,"minecraft:nether_wart":20,"botania:light_gray_mystical_flower":16,"biomesoplenty:pus_bubble":3,"biomesoplenty:blackstone_bulb":2,"ironchest:crystal_chest":1,"minecraft:raw_iron_block":1,"biomesoplenty:tall_lavender":1,"botania:apothecary_default":4,"botania:purple_mystical_flower":10,"minecraft:iron_ore":16,"minecraft:fire":20,"minecraft:cobbled_deepslate":89,"ironchest:gold_chest":2,"biomesoplenty:lavender":12,"minecraft:anvil":1,"minecraft:deepslate_lapis_ore":24,"biomesoplenty:hellbark_log":1,"minecraft:polished_deepslate_slab":16,"minecraft:iron_bars":9,"botania:brown_mystical_flower":16,"minecraft:iron_block":2,"botania:light_blue_mystical_flower":29,"botania:green_mystical_flower":10,"minecraft:deepslate_redstone_ore":45,"botania:orange_mystical_flower":15,"minecraft:brown_mushroom":10,"minecraft:magenta_wall_banner":1,"minecraft:polished_deepslate_stairs":2,"biomesoplenty:blackstone_spines":1,"minecraft:blast_furnace":4,"minecraft:calcite":3,"minecraft:poppy":3,"botania:hydroangeas":4,"minecraft:chest":4,"minecraft:dead_bush":10,"botania:endoflame":4,"minecraft:cobblestone":41,"botania:blue_mystical_flower":15,"minecraft:damaged_anvil":1,"minecraft:sugar_cane":30,"botania:blue_double_flower":9,"botania:black_mystical_flower":12,"minecraft:deepslate_copper_ore":2,"minecraft:nether_wart_block":1,"minecraft:lapis_block":4,"minecraft:birch_log":6,"minecraft:wheat":57,"biomesoplenty:hair":1,"minecraft:lilac":19,"ironchest:diamond_chest":1,"minecraft:grass":286,"biomesoplenty:clover":1,"minecraft:oak_log":59,"minecraft:beetroots":3,"minecraft:acacia_fence":1,"botania:gray_double_flower":1,"minecraft:sand":177,"minecraft:dirt":223,"minecraft:netherrack":85,"minecraft:oak_leaves":68,"minecraft:deepslate":7713,"botania:magenta_mushroom":1,"minecraft:nether_gold_ore":10,"minecraft:tuff":421,"botania:terra_plate":1,"botania:orange_double_flower":1,"minecraft:deepslate_diamond_ore":27,"biomesoplenty:desert_grass":1,"biomesoplenty:bush":50,"minecraft:allium":1,"tconstruct:earth_slime_crystal_block":14,"botania:brown_double_flower":1,"minecraft:white_stained_glass":4,"botania:cyan_double_flower":11,"minecraft:spruce_leaves":13,"biomesoplenty:dead_grass":4,"minecraft:potted_bamboo":2,"minecraft:hay_block":17,"biomesoplenty:jacaranda_log":15,"botania:magenta_mystical_flower":2,"minecraft:furnace":8,"minecraft:carrots":17,"minecraft:polished_blackstone_button":1,"tconstruct:budding_earth_slime_crystal":1,"botania:runic_altar":1,"biomesoplenty:willow_vine":2,"biomesoplenty:flesh":4,"minecraft:bell":3,"minecraft:polished_deepslate":352,"minecraft:bookshelf":26,"minecraft:potatoes":7,"minecraft:deepslate_iron_ore":26,"botania:livingrock":59,"minecraft:lantern":3,"botania:mana_spreader":7,"minecraft:stone":776,"minecraft:bone_block":3,"minecraft:smithing_table":4,"biomesoplenty:porous_flesh":1,"botania:lime_mystical_flower":9,"minecraft:glass_pane":2,"botania:white_buried_petals":1,"minecraft:potted_lily_of_the_valley":4,"minecraft:dandelion":10,"minecraft:stone_brick_slab":1,"minecraft:observer":1,"minecraft:crafting_table":7,"minecraft:cornflower":1,"minecraft:rose_bush":8,"minecraft:campfire":9,"minecraft:lectern":1,"minecraft:copper_ore":12,"minecraft:tall_grass":91,"minecraft:lapis_ore":3,"biomesoplenty:sprout":28,"minecraft:deepslate_gold_ore":23,"botania:white_double_flower":12,"botania:pink_mystical_flower":1,"botania:cyan_mystical_flower":11,"botania:red_double_flower":3,"minecraft:spruce_log":36,"minecraft:yellow_bed":2,"botania:white_mystical_flower":5,"botania:yellow_mystical_flower":8,"minecraft:coal_ore":54,"minecraft:gravel":502,"minecraft:cobweb":1,"botania:gray_mystical_flower":10,"minecraft:stone_bricks":12,"minecraft:fern":3},"minecraft:crafted":{"botania:green_petal":20,"minecraft:oak_planks":84,"botania:livingwood_planks":12,"botania:manasteel_block":1,"botania:purple_petal":18,"minecraft:blaze_powder":4,"botania:mana_pool":5,"minecraft:stone":54,"botania:gray_petal":24,"botania:livingwood":3,"minecraft:nether_brick":44,"minecraft:cooked_mutton":8,"ironchest:crystal_chest":3,"botania:red_petal":14,"minecraft:glass":161,"botania:twig_wand":2,"minecraft:chest":18,"botania:light_gray_petal":22,"minecraft:magenta_dye":36,"minecraft:stone_bricks":16,"botania:cyan_petal":64,"biomesoplenty:jacaranda_planks":60,"botania:terra_plate":1,"minecraft:crafting_table":1,"minecraft:spruce_planks":128,"minecraft:wooden_pickaxe":1,"minecraft:copper_ingot":34,"botania:lime_petal":18,"minecraft:polished_deepslate_slab":36,"ironchest:diamond_chest":3,"botania:runic_altar":1,"minecraft:yellow_dye":6,"minecraft:stick":260,"minecraft:iron_ingot":101,"minecraft:stone_sword":1,"minecraft:gold_ingot":21,"botania:apothecary_default":1,"botania:brown_petal":36,"botania:spark":2,"minecraft:raw_iron":9,"minecraft:coal":81,"minecraft:fishing_rod":1,"minecraft:polished_deepslate_stairs":336,"botania:terra_pick":1,"minecraft:furnace":1,"botania:blue_petal":66,"minecraft:bone_meal":87,"minecraft:white_carpet":3,"minecraft:flint_and_steel":1,"botania:black_petal":28,"minecraft:polished_deepslate":1484,"minecraft:iron_axe":1,"minecraft:ladder":81,"botania:white_petal":58,"botania:manasteel_chestplate":1,"minecraft:stone_pickaxe":2,"botania:light_blue_petal":56,"minecraft:wheat":144,"botania:pink_petal":6,"minecraft:red_dye":14,"botania:fertilizer":15,"ironchest:gold_chest":4,"botania:yellow_petal":16,"botania:mana_spreader":3,"botania:lexicon":2,"ironchest:copper_chest":3,"minecraft:bucket":2,"minecraft:bone":12,"minecraft:stone_axe":1,"minecraft:air":0,"minecraft:bread":63,"botania:orange_petal":34,"justhammers:iron_hammer":2,"minecraft:gold_nugget":9,"justhammers:stone_hammer":12,"minecraft:white_dye":4,"botania:magenta_petal":4,"minecraft:iron_shovel":1,"botania:terra_sword":1,"minecraft:lapis_block":11,"ironchest:iron_chest":5},"minecraft:used":{"minecraft:iron_shovel":46,"minecraft:polished_deepslate":734,"botania:white_petal":13,"minecraft:ladder":66,"minecraft:chest":14,"minecraft:stone":55,"minecraft:bell":2,"minecraft:rotten_flesh":1,"ironchest:iron_chest":1,"minecraft:carrot":2,"botania:terra_sword":14,"minecraft:polished_deepslate_stairs":140,"minecraft:lava_bucket":11,"minecraft:lantern":13,"minecraft:stone_brick_stairs":6,"minecraft:stone_bricks":49,"minecraft:item_frame":1,"minecraft:oak_sapling":1,"minecraft:furnace":4,"botania:runic_altar":1,"botania:livingrock":8,"minecraft:stone_pickaxe":117,"minecraft:wooden_pickaxe":12,"minecraft:oak_leaves":3,"botania:fertilizer":12,"botania:terra_pick":10468,"waystones:waystone":5,"minecraft:bread":107,"botania:blue_petal":8,"minecraft:gravel":158,"botania:pure_daisy":7,"minecraft:bone_meal":37,"ironchest:crystal_chest":4,"spartanweaponry:iron_scythe":90,"minecraft:experience_bottle":1,"botania:hydroangeas":21,"minecraft:oak_fence":8,"minecraft:oak_trapdoor":1,"minecraft:stone_sword":44,"minecraft:flint_and_steel":1,"botania:spark":2,"minecraft:netherrack":322,"minecraft:dirt":49,"ironchest:diamond_chest":1,"botania:twig_wand":140,"botania:red_petal":3,"minecraft:iron_axe":142,"minecraft:oak_stairs":4,"botania:mana_pool":5,"ironchest:gold_chest":3,"minecraft:cobbled_deepslate":193,"minecraft:cooked_mutton":8,"minecraft:water_bucket":28,"botania:endoflame":4,"botania:mana_spreader":7,"botania:terra_plate":1,"minecraft:polished_deepslate_slab":34,"justhammers:diamond_hammer":7,"minecraft:crafting_table":6,"minecraft:white_bed":13,"spartanweaponry:iron_katana":264,"minecraft:spruce_log":4,"justhammers:iron_hammer":278,"botania:apothecary_default":4,"minecraft:oak_log":51,"minecraft:iron_pickaxe":420,"minecraft:spruce_sapling":4,"justhammers:stone_hammer":826,"minecraft:stone_axe":191,"minecraft:cobblestone":96,"botania:cyan_petal":11,"minecraft:lapis_block":4,"minecraft:bucket":66,"minecraft:yellow_bed":2}},"DataVersion":3120}